protein	protein_nonmissing_n	tier
A1BG	44852	small
AAMDC	43593	small
AARSD1	51276	large
ABCA2	43314	small
ABHD14B	50953	large
ABL1	51276	large
ABO	44821	small
ABRAXAS2	43314	small
ACAA1	50301	large
ACADM	43968	small
ACADSB	44781	small
ACAN	51022	large
ACE	44821	small
ACE2	50570	large
ACHE	43806	small
ACOT13	44592	small
ACOX1	51513	large
ACP1	43488	small
ACP5	51738	large
ACP6	51875	large
ACRBP	44574	small
ACRV1	43488	small
ACSL1	43314	small
ACTA2	50570	large
ACTN2	43314	small
ACTN4	50544	large
ACVRL1	51029	large
ACY1	51513	large
ACY3	43314	small
ACYP1	43642	small
ADA	52077	large
ADA2	51217	large
ADAM12	43488	small
ADAM15	50570	large
ADAM22	51114	large
ADAM23	52077	large
ADAM8	51881	large
ADAM9	44592	small
ADAMTS1	43488	small
ADAMTS13	52149	large
ADAMTS15	51276	large
ADAMTS16	50570	large
ADAMTS4	43488	small
ADAMTS8	51673	large
ADAMTSL2	44787	small
ADAMTSL4	43593	small
ADAMTSL5	44781	small
ADCYAP1R1	50301	large
ADD1	43806	small
ADGRB3	51029	large
ADGRD1	43806	small
ADGRE1	44592	small
ADGRE2	51737	large
ADGRE5	51897	large
ADGRF5	44781	small
ADGRG1	51276	large
ADGRG2	51513	large
ADGRV1	43341	small
ADH1B	43806	small
ADH4	50570	large
ADIPOQ	44852	small
ADM	51952	large
ADRA2A	43314	small
AFAP1	43806	small
AFM	44852	small
AFP	50946	large
AGBL2	43341	small
AGER	51399	large
AGR2	49896	medium
AGR3	50216	large
AGRN	51737	large
AGRP	52077	large
AGT	44821	small
AGXT	51513	large
AHCY	51513	large
AHNAK	43593	small
AHNAK2	43593	small
AHSA1	44574	small
AHSG	44821	small
AHSP	51442	large
AIDA	43556	small
AIF1	50301	large
AIF1L	43593	small
AIFM1	51193	large
AK1	51513	large
AK2	44676	small
AKAP12	43806	small
AKR1B1	50301	large
AKR1B10	43556	small
AKR1C4	50570	large
AKR7L	43488	small
AKT1S1	50307	large
AKT2	44703	small
AKT3	50062	large
ALCAM	52149	large
ALDH1A1	51527	large
ALDH2	44574	small
ALDH3A1	51354	large
ALDH5A1	44703	small
ALMS1	43968	small
ALPI	43488	small
ALPP	51276	large
AMBN	50544	large
AMBP	51878	large
AMDHD2	44787	small
AMFR	50307	large
AMIGO1	43556	small
AMIGO2	51276	large
AMN	50544	large
AMOT	43806	small
AMOTL2	44404	small
AMPD3	44676	small
AMY1A_AMY1B_AMY1C	41990	small
AMY2A	49531	medium
AMY2B	48017	medium
ANG	51385	large
ANGPT1	51327	large
ANGPT2	51952	large
ANGPTL1	50762	large
ANGPTL2	51569	large
ANGPTL3	51554	large
ANGPTL4	51653	large
ANGPTL7	51952	large
ANK2	43314	small
ANKMY2	43488	small
ANKRA2	43182	small
ANKRD54	50301	large
ANP32C	43593	small
ANPEP	51638	large
ANXA1	43558	small
ANXA10	50307	large
ANXA11	51358	large
ANXA2	42935	small
ANXA3	51881	large
ANXA4	51270	large
ANXA5	50140	large
AOC1	50544	large
AOC3	51721	large
AP1G2	44574	small
AP2B1	43556	small
AP3B1	44592	small
AP3S2	44676	small
APBB1IP	51276	large
APCS	44451	small
APEX1	51790	large
APLP1	51513	large
APOA1	44852	small
APOA2	44821	small
APOA4	44852	small
APOB	44821	small
APOBR	43593	small
APOC1	44767	small
APOD	42837	small
APOE	44852	small
APOF	44821	small
APOH	51527	large
APOL1	44821	small
APOM	51638	large
APP	51449	large
APPL2	43806	small
APRT	51031	large
ARAF	43968	small
AREG	51276	large
ARF6	44592	small
ARFIP1	44703	small
ARG1	51203	large
ARG2	44574	small
ARHGAP1	50301	large
ARHGAP25	50301	large
ARHGAP30	43968	small
ARHGAP45	43806	small
ARHGAP5	43182	small
ARHGEF1	44676	small
ARHGEF10	44703	small
ARHGEF12	51439	large
ARHGEF5	43341	small
ARID3A	43341	small
ARID4B	50307	large
ARL13B	43314	small
ARL2BP	43314	small
ARMCX2	43341	small
ARNT	50544	large
ARNTL	43314	small
ARSA	51527	large
ARSB	51276	large
ART3	51721	large
ART5	43341	small
ARTN	50544	large
ASAH1	44373	small
ASAH2	51114	large
ASGR1	51114	large
ASGR2	44821	small
ASPN	44781	small
ASPSCR1	44703	small
ASRGL1	43593	small
ASS1	43314	small
ATF2	50307	large
ATF4	43182	small
ATG16L1	44592	small
ATG4A	50301	large
ATOX1	51673	large
ATP1B1	43314	small
ATP1B2	43314	small
ATP1B3	43314	small
ATP1B4	43182	small
ATP2B4	43314	small
ATP5F1D	43314	small
ATP5IF1	51737	large
ATP5PO	50307	large
ATP6AP2	50301	large
ATP6V1D	51276	large
ATP6V1F	50222	large
ATP6V1G1	43593	small
ATP6V1G2	43314	small
ATRAID	44592	small
ATRN	44852	small
ATXN10	50307	large
ATXN2	43341	small
ATXN2L	44703	small
ATXN3	44676	small
AXIN1	51439	large
AXL	51721	large
AZI2	44703	small
AZU1	49954	medium
B2M	44852	small
B3GAT3	43314	small
B3GNT7	43593	small
B4GALT1	51737	large
B4GAT1	51527	large
BABAM1	43488	small
BACH1	51439	large
BAG3	51029	large
BAG4	43488	small
BAG6	50570	large
BAIAP2	50301	large
BAMBI	50301	large
BANK1	51439	large
BAP18	44676	small
BATF	43556	small
BAX	50222	large
BCAM	51527	large
BCAN	51114	large
BCAT1	44781	small
BCAT2	43341	small
BCHE	43991	small
BCL2	44592	small
BCL2L1	44676	small
BCL2L11	51439	large
BCL2L15	43488	small
BCL7A	43182	small
BCL7B	44574	small
BCR	51439	large
BDNF	44787	small
BECN1	43593	small
BEX3	43182	small
BGLAP	44787	small
BGN	50218	large
BHLHE40	43341	small
BHMT2	43314	small
BID	51439	large
BIN2	51527	large
BIRC2	50301	large
BLMH	52149	large
BLNK	43488	small
BLOC1S2	43341	small
BLOC1S3	44676	small
BLVRB	51527	large
BMP10	43806	small
BMP4	51029	large
BMP6	50489	large
BMPER	43806	small
BNIP2	44781	small
BNIP3L	43488	small
BOC	50570	large
BOLA1	43341	small
BOLA2_BOLA2B	43593	small
BPIFA2	42051	small
BPIFB1	51402	large
BPIFB2	44696	small
BRAP	44181	small
BRD1	43968	small
BRD2	43341	small
BRD3	43314	small
BRDT	43314	small
BRK1	50307	large
BRME1	43341	small
BRSK2	44703	small
BSG	51992	large
BSND	43182	small
BST1	51965	large
BST2	51965	large
BTC	50301	large
BTD	44852	small
BTLA	43182	small
BTN1A1	44489	small
BTN2A1	51737	large
BTN3A2	51439	large
BTNL10	43182	small
C19orf12	50307	large
C1GALT1C1	43314	small
C1QA	51822	large
C1QBP	44703	small
C1QL2	43488	small
C1QTNF1	51721	large
C1QTNF5	43806	small
C1QTNF6	44703	small
C1QTNF9	43726	small
C1R	44852	small
C1RL	44774	small
C1S	44852	small
C2	51638	large
C2CD2L	50222	large
C2orf69	43556	small
C3	42549	small
C4BPB	51673	large
C5	44852	small
C7	43775	small
C7orf50	44676	small
C8B	44852	small
C9	44821	small
C9orf40	44592	small
CA1	50378	large
CA11	50301	large
CA12	51276	large
CA13	50940	large
CA14	51952	large
CA2	51358	large
CA3	52065	large
CA4	52149	large
CA5A	50570	large
CA6	51367	large
CA7	43968	small
CA8	43488	small
CA9	51952	large
CABP2	43556	small
CACNA1C	43341	small
CACNA1H	43314	small
CACNB1	43341	small
CACNB3	44703	small
CACYBP	43726	small
CADPS	43556	small
CALB1	51276	large
CALB2	50307	large
CALCA	51029	large
CALCB	44676	small
CALCOCO1	51790	large
CALCOCO2	43593	small
CALY	43314	small
CAMKK1	50301	large
CAMLG	43556	small
CAMSAP1	44703	small
CANT1	51357	large
CAPG	51132	large
CAPN3	44574	small
CAPS	44676	small
CARHSP1	50307	large
CASC3	43556	small
CASP1	50307	large
CASP10	50307	large
CASP2	51439	large
CASP3	52149	large
CASP4	43968	small
CASP7	44676	small
CASP8	51801	large
CASP9	43488	small
CASQ2	43314	small
CAT	44154	small
CBLIF	51437	large
CBLN1	43341	small
CBLN4	51952	large
CBS	43593	small
CBX2	43314	small
CC2D1A	51114	large
CCAR2	44676	small
CCDC134	44574	small
CCDC28A	43556	small
CCDC50	44703	small
CCDC80	51513	large
CCER2	43593	small
CCL11	52077	large
CCL13	51992	large
CCL14	51385	large
CCL15	52149	large
CCL16	52149	large
CCL17	51400	large
CCL18	50814	large
CCL19	51965	large
CCL2	51029	large
CCL20	52077	large
CCL21	51737	large
CCL22	50986	large
CCL23	51737	large
CCL24	51653	large
CCL25	52077	large
CCL26	51439	large
CCL27	51513	large
CCL28	51270	large
CCL3	51439	large
CCL4	51569	large
CCL5	51721	large
CCL7	51439	large
CCL8	51878	large
CCN1	51192	large
CCN2	51484	large
CCN3	52064	large
CCN4	51952	large
CCN5	51527	large
CCND2	43968	small
CCNE1	43488	small
CCS	51114	large
CCT5	50301	large
CD101	44592	small
CD109	51527	large
CD14	50474	large
CD160	52077	large
CD163	51721	large
CD164	51527	large
CD164L2	43556	small
CD177	51442	large
CD1C	51673	large
CD2	43314	small
CD200	51439	large
CD200R1	51270	large
CD207	50391	large
CD209	51645	large
CD22	52077	large
CD226	43488	small
CD244	52077	large
CD248	44787	small
CD27	51673	large
CD274	51114	large
CD276	51483	large
CD28	50301	large
CD2AP	51513	large
CD300A	43806	small
CD300C	51965	large
CD300E	51785	large
CD300LF	51952	large
CD300LG	51527	large
CD302	51276	large
CD33	51673	large
CD34	51801	large
CD36	43488	small
CD38	51276	large
CD3D	43341	small
CD3E	43968	small
CD3G	43488	small
CD4	51355	large
CD40	51485	large
CD40LG	52077	large
CD46	51217	large
CD48	51653	large
CD5	51878	large
CD55	49718	medium
CD58	51398	large
CD59	49654	medium
CD5L	44606	small
CD6	51992	large
CD63	51029	large
CD69	51260	large
CD7	43404	small
CD70	51439	large
CD72	43806	small
CD74	51965	large
CD79B	52077	large
CD80	44781	small
CD82	43968	small
CD83	51439	large
CD84	51439	large
CD86	44592	small
CD8A	51965	large
CD93	49574	medium
CD99	51527	large
CD99L2	51527	large
CDA	44696	small
CDAN1	44676	small
CDC123	43182	small
CDC25A	43182	small
CDC26	44507	small
CDC27	50301	large
CDC37	51673	large
CDC42BPB	44592	small
CDCP1	51114	large
CDH1	49805	medium
CDH15	51880	large
CDH17	51513	large
CDH2	51513	large
CDH22	43968	small
CDH23	44676	small
CDH3	51965	large
CDH4	43341	small
CDH5	52149	large
CDH6	51513	large
CDHR1	50307	large
CDHR2	51276	large
CDHR5	51513	large
CDK1	43182	small
CDK5RAP3	44703	small
CDKL5	43341	small
CDKN1A	51276	large
CDKN2D	51276	large
CDNF	51276	large
CDON	51568	large
CDSN	51915	large
CEACAM1	51592	large
CEACAM16	44592	small
CEACAM18	43968	small
CEACAM19	44592	small
CEACAM20	43968	small
CEACAM21	51439	large
CEACAM3	50301	large
CEACAM5	49652	medium
CEACAM6	44787	small
CEACAM8	50570	large
CEBPA	43488	small
CEBPB	50570	large
CELA2A	44787	small
CELA3A	52064	large
CELSR2	43806	small
CEMIP2	43488	small
CEND1	43341	small
CENPF	43968	small
CENPJ	43968	small
CEP112	43314	small
CEP152	43182	small
CEP164	50544	large
CEP170	43593	small
CEP20	50301	large
CEP290	43968	small
CEP350	43182	small
CEP43	50167	large
CEP85	50301	large
CERT	50307	large
CES1	51642	large
CES2	51276	large
CES3	51276	large
CETN2	50307	large
CETN3	44592	small
CFB	44033	small
CFC1	50301	large
CFD	44852	small
CFH	42232	small
CFHR2	44521	small
CFHR4	44767	small
CFHR5	44234	small
CFI	44852	small
CFP	44852	small
CGA	51527	large
CGB3_CGB5_CGB8	44821	small
CGN	43556	small
CGREF1	51513	large
CHAC2	50301	large
CHAD	43806	small
CHCHD10	44676	small
CHCHD6	44574	small
CHEK2	50570	large
CHGA	44787	small
CHGB	51795	large
CHI3L1	50383	large
CHIT1	51729	large
CHL1	51640	large
CHM	43556	small
CHMP1A	51114	large
CHMP6	44781	small
CHP1	43341	small
CHRDL1	51653	large
CHRDL2	51513	large
CHRM1	43556	small
CIAPIN1	51673	large
CILP	44787	small
CINP	43968	small
CIRBP	44592	small
CIT	43556	small
CKAP4	51825	large
CKB	44787	small
CKMT1A_CKMT1B	51315	large
CLASP1	43182	small
CLC	51435	large
CLEC10A	51114	large
CLEC11A	51442	large
CLEC12A	43488	small
CLEC14A	51527	large
CLEC1A	50570	large
CLEC1B	51965	large
CLEC2L	43556	small
CLEC3B	43801	small
CLEC4A	51439	large
CLEC4C	51439	large
CLEC4D	51439	large
CLEC4G	51439	large
CLEC4M	44710	small
CLEC5A	51345	large
CLEC6A	50301	large
CLEC7A	52077	large
CLGN	43556	small
CLIC5	43556	small
CLINT1	43182	small
CLIP2	51439	large
CLMP	51952	large
CLNS1A	43556	small
CLPP	51029	large
CLPS	51442	large
CLSPN	50222	large
CLSTN1	50307	large
CLSTN2	52077	large
CLSTN3	44676	small
CLTA	50570	large
CLU	44852	small
CLUL1	51429	large
CMC1	44781	small
CMIP	44574	small
CNDP1	51721	large
CNGB3	43341	small
CNP	43513	small
CNPY2	50570	large
CNPY4	51276	large
CNST	51513	large
CNTF	43341	small
CNTN1	52149	large
CNTN2	51952	large
CNTN3	51527	large
CNTN4	51527	large
CNTN5	51638	large
CNTNAP2	51439	large
CNTNAP4	43556	small
COCH	44781	small
COL15A1	44787	small
COL18A1	51729	large
COL1A1	52149	large
COL24A1	44592	small
COL28A1	43556	small
COL2A1	43593	small
COL3A1	44787	small
COL4A1	51513	large
COL4A4	43896	small
COL5A1	43806	small
COL6A3	52149	large
COL9A1	51439	large
COL9A2	43968	small
COLEC12	51483	large
COMMD1	43593	small
COMMD9	44574	small
COMP	50971	large
COMT	50021	large
COPB2	43314	small
COPE	50307	large
COQ7	43593	small
CORO1A	50475	large
CORO6	43341	small
COX5B	51276	large
COX6B1	44781	small
CPA1	52149	large
CPA2	51795	large
CPA4	42932	small
CPB1	52149	large
CPB2	44767	small
CPE	51551	large
CPLX2	43182	small
CPM	51712	large
CPOX	43488	small
CPPED1	51965	large
CPQ	44705	small
CPTP	43314	small
CPVL	51867	large
CPXM1	51673	large
CPXM2	44781	small
CR1	44652	small
CR2	51721	large
CRACR2A	50301	large
CRADD	51029	large
CREB3	43182	small
CREBZF	43182	small
CREG1	50846	large
CRELD1	43806	small
CRELD2	51653	large
CRH	50217	large
CRHBP	51483	large
CRHR1	50570	large
CRIM1	51737	large
CRIP2	51114	large
CRISP2	51952	large
CRISP3	44404	small
CRKL	51568	large
CRLF1	51737	large
CRNN	50041	large
CRTAC1	52149	large
CRTAM	51114	large
CRTAP	43556	small
CRX	50570	large
CRYBB1	44781	small
CRYBB2	44676	small
CRYGD	44676	small
CRYM	43341	small
CRYZL1	43593	small
CSDE1	43314	small
CSF1	51737	large
CSF1R	44821	small
CSF2	43314	small
CSF2RA	51114	large
CSF2RB	43488	small
CSF3	50544	large
CSF3R	43488	small
CSH1	44821	small
CSNK1D	43488	small
CSNK2A1	44703	small
CSPG4	44787	small
CSPG5	43341	small
CSRP3	43314	small
CST1	38883	small
CST3	51636	large
CST5	50543	large
CST6	50161	large
CST7	51569	large
CSTB	50812	large
CTAG1A_CTAG1B	43884	small
CTBS	44169	small
CTF1	50570	large
CTHRC1	44787	small
CTLA4	44787	small
CTNNA1	43341	small
CTRB1	51527	large
CTRC	51486	large
CTRL	44676	small
CTSB	51565	large
CTSC	51398	large
CTSD	48159	medium
CTSE	43806	small
CTSF	51673	large
CTSH	50402	large
CTSL	51513	large
CTSO	52077	large
CTSS	40475	small
CTSV	51783	large
CTSZ	51554	large
CUZD1	43556	small
CWC15	44339	small
CX3CL1	51114	large
CXADR	51439	large
CXCL1	51406	large
CXCL10	51737	large
CXCL11	51965	large
CXCL12	50544	large
CXCL13	51965	large
CXCL14	50544	large
CXCL16	52064	large
CXCL17	52077	large
CXCL3	51485	large
CXCL5	51345	large
CXCL6	52077	large
CXCL8	51121	large
CXCL9	51737	large
CYB5A	43182	small
CYB5R2	44091	small
CYP24A1	43314	small
CYTH3	43182	small
CYTL1	44787	small
DAAM1	43806	small
DAB2	51952	large
DAG1	51737	large
DAND5	43488	small
DAPK2	43488	small
DAPP1	51439	large
DARS1	51029	large
DBH	44736	small
DBI	51282	large
DBN1	43488	small
DBNL	51737	large
DCBLD2	51673	large
DCC	43556	small
DCDC2C	43182	small
DCLRE1C	43182	small
DCN	50570	large
DCTD	43806	small
DCTN1	51952	large
DCTN2	51276	large
DCTN6	50307	large
DCTPP1	51513	large
DCUN1D1	43341	small
DCUN1D2	43182	small
DCXR	51673	large
DDA1	43314	small
DDAH1	51276	large
DDC	51437	large
DDHD2	44703	small
DDI2	43806	small
DDR1	51965	large
DDT	44787	small
DDX1	44592	small
DDX25	43556	small
DDX39A	43488	small
DDX4	43488	small
DDX53	43556	small
DDX58	50301	large
DECR1	51439	large
DEFA1_DEFA1B	50471	large
DEFB103A_DEFB103B	43159	small
DEFB104A_DEFB104B	43341	small
DEFB116	43341	small
DEFB118	43341	small
DEFB4A_DEFB4B	50786	large
DENND2B	43314	small
DENR	43488	small
DFFA	52077	large
DGCR6	43341	small
DGKA	43488	small
DGKZ	50544	large
DHODH	43314	small
DHPS	44574	small
DHRS4L2	44676	small
DIABLO	51345	large
DIPK1C	43556	small
DIPK2B	43806	small
DKK1	51965	large
DKK3	52149	large
DKK4	51030	large
DKKL1	51276	large
DLG4	44676	small
DLGAP5	44703	small
DLK1	52149	large
DLL1	51673	large
DLL4	43593	small
DMD	43593	small
DMP1	43593	small
DNAJA1	43182	small
DNAJA2	51910	large
DNAJA4	44676	small
DNAJB1	51276	large
DNAJB14	44592	small
DNAJB2	43806	small
DNAJB6	43397	small
DNAJB8	50570	large
DNAJC21	44676	small
DNAJC6	43593	small
DNAJC9	44592	small
DNER	51401	large
DNLZ	43341	small
DNM1	44592	small
DNM3	44703	small
DNMBP	51114	large
DNPEP	44676	small
DNPH1	51652	large
DOC2B	43556	small
DOCK9	43341	small
DOK1	44676	small
DOK2	51513	large
DPEP1	51029	large
DPEP2	51276	large
DPP10	51439	large
DPP4	50556	large
DPP6	51276	large
DPP7	51098	large
DPT	52149	large
DPY30	51790	large
DRAXIN	51114	large
DRG2	51276	large
DSC2	50950	large
DSCAM	44703	small
DSG2	51527	large
DSG3	51782	large
DSG4	51113	large
DTD1	43806	small
DTNB	44489	small
DTX2	43556	small
DTX3	51276	large
DTYMK	44781	small
DUOX2	50570	large
DUSP13	44574	small
DUSP29	43556	small
DUSP3	50307	large
DUT	44592	small
DXO	44676	small
DYNC1H1	44574	small
DYNLT1	43556	small
DYNLT3	44574	small
EBAG9	51114	large
EBI3_IL27	51875	large
ECE1	50307	large
ECHDC3	44781	small
ECHS1	43593	small
ECI2	43314	small
ECM1	43624	small
ECSCR	43341	small
EDA2R	51952	large
EDAR	51439	large
EDDM3B	44574	small
EDEM2	43314	small
EDF1	44703	small
EDIL3	50570	large
EDN1	43593	small
EDNRB	43488	small
EEF1D	44781	small
EFCAB14	44592	small
EFCAB2	43968	small
EFEMP1	51637	large
EFHD1	44703	small
EFNA1	51442	large
EFNA4	51029	large
EFNB2	43556	small
EGF	51403	large
EGFL7	50301	large
EGFLAM	44592	small
EGFR	52149	large
EGLN1	51439	large
EHBP1	44781	small
EHD3	43593	small
EIF1AX	44676	small
EIF2AK2	44425	small
EIF2AK3	43314	small
EIF2S2	43593	small
EIF4B	51114	large
EIF4E	43488	small
EIF4EBP1	51513	large
EIF4G1	52077	large
EIF4G3	44703	small
EIF5	43314	small
EIF5A	50544	large
ELAC1	44703	small
ELAVL4	43341	small
ELN	44781	small
ELOA	51276	large
ELOB	43314	small
ENAH	50544	large
ENDOU	41342	small
ENG	52149	large
ENO1	51457	large
ENO2	51965	large
ENO3	43593	small
ENOPH1	44574	small
ENOX2	43314	small
ENPEP	43314	small
ENPP2	52149	large
ENPP5	51737	large
ENPP6	43593	small
ENPP7	49924	medium
ENSA	44574	small
ENTPD2	50301	large
ENTPD5	50570	large
ENTPD6	50570	large
ENTR1	43593	small
EP300	43488	small
EPB41L5	43556	small
EPCAM	51483	large
EPGN	44574	small
EPHA1	51652	large
EPHA10	50307	large
EPHA2	49653	medium
EPHA4	43806	small
EPHB4	52149	large
EPHB6	51029	large
EPHX2	50570	large
EPN1	43968	small
EPO	51439	large
EPPK1	43593	small
EPS8L2	51867	large
ERBB2	51673	large
ERBB3	51315	large
ERBB4	51673	large
ERBIN	51276	large
ERC2	43556	small
ERCC1	43182	small
EREG	51029	large
ERI1	43968	small
ERMAP	43488	small
ERN1	44574	small
ERP29	43806	small
ERP44	51192	large
ERVV_1	43314	small
ESAM	52149	large
ESM1	51483	large
ESPL1	43182	small
ESR1	43488	small
ESYT2	44676	small
EVI2B	43182	small
EVI5	43488	small
EVPL	43968	small
EXOSC10	43314	small
EXTL1	43314	small
EZR	51965	large
F10	44821	small
F11	44204	small
F11R	51527	large
F12	44852	small
F13B	44606	small
F2	44852	small
F2R	51653	large
F3	51635	large
F7	51636	large
F9	51638	large
FABP1	51483	large
FABP2	51513	large
FABP3	44781	small
FABP4	52149	large
FABP5	51796	large
FABP6	50490	large
FABP9	51439	large
FADD	51513	large
FAM13A	44592	small
FAM171A2	44703	small
FAM171B	44574	small
FAM172A	43593	small
FAM20A	44781	small
FAM3B	51276	large
FAM3C	51437	large
FAM3D	44592	small
FAP	52149	large
FARSA	43556	small
FAS	51979	large
FASLG	52077	large
FBLN2	44787	small
FBN2	43556	small
FBP1	51513	large
FCAMR	44781	small
FCAR	51439	large
FCER1A	44703	small
FCER2	51527	large
FCGR2A	51301	large
FCGR2B	50301	large
FCGR3B	51554	large
FCN1	44736	small
FCN2	51303	large
FCRL1	51513	large
FCRL2	51830	large
FCRL3	50544	large
FCRL5	51527	large
FCRL6	51439	large
FCRLB	50301	large
FDX1	43314	small
FDX2	43314	small
FEN1	50301	large
FES	50301	large
FETUB	51638	large
FGA	43789	small
FGD3	44703	small
FGF12	43488	small
FGF16	43488	small
FGF19	51737	large
FGF2	51439	large
FGF20	43488	small
FGF21	51875	large
FGF23	51867	large
FGF3	43488	small
FGF5	50544	large
FGF6	43488	small
FGF7	43182	small
FGF9	43104	small
FGFBP1	51673	large
FGFBP2	44787	small
FGFBP3	44676	small
FGFR2	51673	large
FGFR4	43806	small
FGL1	44821	small
FGR	50307	large
FH	43341	small
FHIP2A	43314	small
FHIT	50307	large
FIS1	51484	large
FKBP14	44703	small
FKBP1B	51664	large
FKBP4	51114	large
FKBP5	51114	large
FKBP7	50222	large
FKBPL	44592	small
FLI1	50301	large
FLRT2	51114	large
FLT1	51191	large
FLT3	50301	large
FLT3LG	52077	large
FLT4	51673	large
FMNL1	50307	large
FMR1	50301	large
FN1	44852	small
FNDC1	44676	small
FNTA	44574	small
FOLH1	43488	small
FOLR1	51437	large
FOLR2	51965	large
FOLR3	51509	large
FOS	43104	small
FOSB	50307	large
FOXJ3	43488	small
FOXO1	51439	large
FOXO3	50301	large
FRMD4B	43314	small
FRMD7	43556	small
FRZB	50945	large
FSHB	43593	small
FST	51653	large
FSTL1	43593	small
FSTL3	51403	large
FTCD	44591	small
FUCA1	51823	large
FUOM	43806	small
FURIN	51673	large
FUS	50217	large
FUT1	43884	small
FUT3_FUT5	51965	large
FUT8	51114	large
FXN	51952	large
FXYD5	50544	large
FYB1	51442	large
FZD10	43556	small
FZD8	43341	small
GABARAP	44574	small
GABARAPL1	43968	small
GABRA4	43341	small
GAD1	43182	small
GAD2	43488	small
GADD45B	43968	small
GADD45GIP1	43593	small
GAGE2A	43182	small
GAL	51737	large
GALNT10	51276	large
GALNT2	51952	large
GALNT3	50544	large
GALNT5	44781	small
GALNT7	51276	large
GAMT	43314	small
GAPDH	42846	small
GART	44703	small
GAS2	43968	small
GAS6	51813	large
GASK1A	43314	small
GAST	44676	small
GATA3	43182	small
GATD3	43593	small
GBA	43556	small
GBP1	44594	small
GBP2	50544	large
GBP4	50307	large
GBP6	43314	small
GC	44852	small
GCC1	44676	small
GCG	50301	large
GCHFR	42732	small
GCLM	43314	small
GCNT1	51276	large
GDF15	52149	large
GDF2	51513	large
GDNF	50307	large
GET3	44781	small
GFAP	50220	large
GFER	50301	large
GFOD2	50301	large
GFRA1	51875	large
GFRA2	51276	large
GFRA3	50955	large
GFRAL	43344	small
GGA1	50307	large
GGACT	44781	small
GGCT	44698	small
GGH	50644	large
GGT1	51442	large
GGT5	51114	large
GH1	51437	large
GH2	50301	large
GHR	43806	small
GHRHR	50307	large
GHRL	51513	large
GID8	44703	small
GIGYF2	44703	small
GIMAP7	43806	small
GIMAP8	43182	small
GIP	43593	small
GIPC2	44676	small
GIPC3	44592	small
GIPR	43488	small
GIT1	43488	small
GJA8	43182	small
GKN1	49336	medium
GLA	43726	small
GLB1	51114	large
GLI2	43488	small
GLIPR1	165	small
GLO1	50570	large
GLOD4	51400	large
GLP1R	43341	small
GLRX	51182	large
GLRX5	43806	small
GLT8D2	50307	large
GLYR1	44574	small
GM2A	43701	small
GMFG	44781	small
GMPR	52077	large
GMPR2	43806	small
GNAS	44703	small
GNE	50301	large
GNGT1	43556	small
GNLY	51527	large
GNPDA1	43593	small
GNPDA2	43806	small
GOLGA3	44703	small
GOLM2	51965	large
GOPC	51439	large
GORASP2	44592	small
GOT1	44787	small
GP1BA	51302	large
GP1BB	43314	small
GP2	49919	medium
GP5	43806	small
GP6	51442	large
GPA33	51276	large
GPC1	51952	large
GPC5	51114	large
GPD1	44574	small
GPHA2	44592	small
GPI	44821	small
GPIHBP1	44592	small
GPKOW	50307	large
GPNMB	50117	large
GPR101	43341	small
GPR158	44703	small
GPR15L	44592	small
GPR37	50570	large
GPRC5C	44574	small
GRAP2	51513	large
GRHPR	44781	small
GRIK2	44703	small
GRIN2B	43341	small
GRK5	50570	large
GRN	51273	large
GRP	43593	small
GRPEL1	51276	large
GRSF1	42948	small
GSAP	50301	large
GSN	44652	small
GSR	44568	small
GSTA1	51435	large
GSTA3	50301	large
GSTM4	43314	small
GSTP1	49988	medium
GSTT2B	44676	small
GTF2IRD1	43968	small
GTPBP2	43556	small
GUCA2A	51274	large
GUCY2C	43968	small
GUK1	43314	small
GUSB	51738	large
GYS1	50570	large
GZMA	52077	large
GZMB	51439	large
GZMH	50570	large
H2AP	43182	small
HADH	43314	small
HAGH	51801	large
HAO1	51952	large
HARS1	51527	large
HAVCR1	51878	large
HAVCR2	51527	large
HBEGF	51801	large
HBQ1	51952	large
HBZ	44781	small
HCG22	43314	small
HCLS1	52077	large
HDAC8	43488	small
HDAC9	43341	small
HDDC2	44592	small
HDGF	51877	large
HDGFL2	44676	small
HEBP1	50570	large
HEG1	43806	small
HEPACAM2	44676	small
HEPH	44781	small
HEXIM1	51439	large
HGF	52077	large
HGFAC	44397	small
HGS	50301	large
HHEX	44676	small
HIF1A	43488	small
HIP1	43314	small
HIP1R	44592	small
HJV	44703	small
HK2	50570	large
HLA_A	44703	small
HLA_DRA	51280	large
HLA_E	51439	large
HMBS	51952	large
HMCN2	43727	small
HMGCL	43593	small
HMGCS1	43314	small
HMMR	43098	small
HMOX1	50932	large
HMOX2	50307	large
HNF1A	43556	small
HNMT	50871	large
HNRNPK	50407	large
HNRNPUL1	44703	small
HPCAL1	52077	large
HPGDS	50301	large
HPSE	44199	small
HRAS	43886	small
HRC	43593	small
HRG	44606	small
HS1BP3	43593	small
HS3ST3B1	51276	large
HS6ST1	51952	large
HS6ST2	43488	small
HSBP1	43593	small
HSD11B1	51439	large
HSD17B14	44676	small
HSD17B3	43314	small
HSDL2	43593	small
HSP90B1	50061	large
HSPA1A	51652	large
HSPA2	44574	small
HSPB1	50692	large
HSPB6	51952	large
HSPG2	51134	large
HTR1A	43341	small
HTR1B	43341	small
HTRA2	51673	large
HYAL1	51231	large
HYOU1	52149	large
ICA1	50544	large
ICAM1	51300	large
ICAM2	52149	large
ICAM3	52149	large
ICAM4	51439	large
ICAM5	51513	large
ICOSLG	51276	large
ID4	43968	small
IDI2	50307	large
IDO1	43593	small
IDS	52077	large
IDUA	51952	large
IFI30	43513	small
IFIT1	43968	small
IFIT3	43968	small
IFNAR1	44592	small
IFNG	50544	large
IFNGR1	51737	large
IFNGR2	51114	large
IFNL1	50307	large
IFNL2	43341	small
IFNLR1	51439	large
IFNW1	43314	small
IFT20	43556	small
IGBP1	44703	small
IGDCC3	43341	small
IGDCC4	44787	small
IGF1R	51276	large
IGF2BP3	43314	small
IGF2R	51527	large
IGFBP1	52065	large
IGFBP2	52067	large
IGFBP3	51721	large
IGFBP4	50867	large
IGFBP6	51300	large
IGFBP7	52149	large
IGFBPL1	51513	large
IGFL4	43488	small
IGHMBP2	43314	small
IGLC2	44773	small
IGLON5	43182	small
IGSF21	43593	small
IGSF3	51276	large
IGSF8	51513	large
IGSF9	44781	small
IKBKG	51439	large
IKZF2	50301	large
IL10	50544	large
IL10RA	50544	large
IL10RB	51737	large
IL11	50544	large
IL12A_IL12B	51276	large
IL12B	52077	large
IL12RB1	50544	large
IL12RB2	43488	small
IL13	50544	large
IL13RA1	50876	large
IL13RA2	43341	small
IL15	51439	large
IL15RA	50544	large
IL16	52077	large
IL17A	50466	large
IL17C	50544	large
IL17D	50544	large
IL17F	50544	large
IL17RA	51527	large
IL17RB	50791	large
IL18	51314	large
IL18BP	51721	large
IL18R1	52077	large
IL18RAP	50789	large
IL19	50229	large
IL1A	50544	large
IL1B	50302	large
IL1R1	51442	large
IL1R2	51398	large
IL1RAP	51527	large
IL1RL1	51979	large
IL1RL2	50544	large
IL1RN	51399	large
IL2	50544	large
IL20	50544	large
IL20RA	50544	large
IL20RB	43488	small
IL21R	43488	small
IL22	44574	small
IL22RA1	50544	large
IL24	50544	large
IL25	43030	small
IL2RA	51147	large
IL2RB	50544	large
IL2RG	44574	small
IL3	43182	small
IL31	43488	small
IL31RA	43320	small
IL32	51439	large
IL33	50544	large
IL34	50222	large
IL36A	43488	small
IL36G	43319	small
IL3RA	50544	large
IL4	50544	large
IL4R	51439	large
IL5	50544	large
IL5RA	51439	large
IL6	51276	large
IL6R	51217	large
IL6ST	51513	large
IL7	51439	large
IL7R	51527	large
IL9	43968	small
ILKAP	50228	large
IMMT	44574	small
IMPA1	51114	large
IMPACT	44676	small
IMPG1	43341	small
ING1	50222	large
INHBB	43806	small
INHBC	51527	large
INPP1	51276	large
INPP5D	43593	small
INPP5J	44703	small
INPPL1	51276	large
INSL3	44676	small
INSL4	44574	small
INSL5	44592	small
INSR	43488	small
IPCEF1	51029	large
IQGAP2	51276	large
IRAG2	50570	large
IRAK1	50544	large
IRAK4	51439	large
ISLR2	49582	medium
ISM1	51439	large
ISM2	44787	small
IST1	44267	small
ITGA11	51439	large
ITGA2	43806	small
ITGA5	51527	large
ITGA6	51439	large
ITGAL	43488	small
ITGAM	51527	large
ITGAV	51952	large
ITGAX	43968	small
ITGB1	51468	large
ITGB1BP1	50301	large
ITGB1BP2	50570	large
ITGB2	51220	large
ITGB5	51673	large
ITGB6	50544	large
ITGB7	51952	large
ITGBL1	44787	small
ITIH1	44852	small
ITIH3	51721	large
ITIH4	44852	small
ITIH5	44574	small
ITM2A	51439	large
ITPA	43314	small
ITPR1	43593	small
ITPRIP	43341	small
IVD	50307	large
IZUMO1	43182	small
JAM2	51965	large
JAM3	43806	small
JCHAIN	50544	large
JMJD1C	43182	small
JPT2	44592	small
JUN	50544	large
KAZALD1	51276	large
KAZN	44592	small
KCNC4	43341	small
KCNH2	43556	small
KCNIP4	50307	large
KCTD5	43834	small
KDM3A	43488	small
KDR	51673	large
KEL	50307	large
KHDC3L	43182	small
KHK	43593	small
KIAA0319	44676	small
KIAA1549	43968	small
KIAA1549L	43968	small
KIAA2013	44574	small
KIF1C	43314	small
KIF20B	43341	small
KIF22	43314	small
KIFBP	51276	large
KIR2DL2	44574	small
KIR2DL3	50301	large
KIR2DS4	44592	small
KIR3DL1	50301	large
KIR3DL2	43182	small
KIRREL1	43341	small
KIRREL2	50307	large
KIT	51638	large
KITLG	51513	large
KLB	50307	large
KLF4	43341	small
KLHL41	44703	small
KLK1	51013	large
KLK10	51514	large
KLK11	51181	large
KLK12	50301	large
KLK13	50366	large
KLK14	51952	large
KLK15	44494	small
KLK3	44787	small
KLK4	51952	large
KLK6	51588	large
KLK7	42679	small
KLK8	49786	medium
KLKB1	43943	small
KLRB1	52077	large
KLRC1	43341	small
KLRD1	52077	large
KLRF1	43488	small
KLRK1	44676	small
KRT14	48719	medium
KRT17	43314	small
KRT18	51276	large
KRT19	51354	large
KRT5	50307	large
KRT6C	43314	small
KRT8	43341	small
KYAT1	51428	large
KYNU	52077	large
L1CAM	51673	large
L3HYPDH	44781	small
LACRT	44489	small
LACTB2	51513	large
LAG3	51276	large
LAIR1	51483	large
LAIR2	51114	large
LAMA1	43314	small
LAMA4	51737	large
LAMB1	43593	small
LAMP1	43543	small
LAMP2	49947	medium
LAMP3	51992	large
LAMTOR5	44574	small
LAP3	50544	large
LARP1	44574	small
LAT	52077	large
LAT2	51276	large
LATS1	43488	small
LAYN	51029	large
LBP	51721	large
LBR	51965	large
LCAT	44821	small
LCN15	44703	small
LCN2	49968	medium
LCP1	44787	small
LDLR	51645	large
LDLRAP1	44703	small
LECT2	44781	small
LEFTY2	51875	large
LEG1	42317	small
LELP1	43341	small
LEO1	44703	small
LEP	51513	large
LEPR	51513	large
LETM1	44703	small
LGALS1	51513	large
LGALS3	51647	large
LGALS3BP	44852	small
LGALS4	51483	large
LGALS7_LGALS7B	51367	large
LGALS8	51965	large
LGALS9	51485	large
LGMN	51737	large
LHB	50301	large
LHPP	51567	large
LIF	50307	large
LIFR	51439	large
LILRA2	51527	large
LILRA3	44787	small
LILRA4	43314	small
LILRA5	51437	large
LILRA6	44781	small
LILRB1	52149	large
LILRB2	51897	large
LILRB4	50544	large
LILRB5	52149	large
LIPF	43593	small
LMNB1	44508	small
LMNB2	44676	small
LMOD1	44703	small
LMOD2	43341	small
LONP1	43593	small
LPA	43787	small
LPCAT2	51276	large
LPL	51513	large
LPO	49811	medium
LPP	43314	small
LRCH4	43314	small
LRFN2	43556	small
LRG1	44852	small
LRIG1	51801	large
LRIG3	43335	small
LRP1	51276	large
LRP11	51513	large
LRP2	43556	small
LRP2BP	43556	small
LRPAP1	51965	large
LRRC25	51276	large
LRRC37A2	44592	small
LRRC38	43556	small
LRRC59	44781	small
LRRFIP1	44574	small
LRRN1	50544	large
LRTM1	43556	small
LRTM2	44703	small
LSM1	50301	large
LSM8	43968	small
LSP1	51439	large
LTA	51439	large
LTA4H	51952	large
LTB	44574	small
LTBP2	52149	large
LTBP3	50301	large
LTBR	51230	large
LTO1	50544	large
LUZP2	44574	small
LXN	50874	large
LY6D	51232	large
LY75	51439	large
LY9	50912	large
LY96	51114	large
LYAR	50301	large
LYN	51276	large
LYPD1	50307	large
LYPD3	51264	large
LYPD8	50301	large
LYPLA2	43341	small
LYSMD3	43556	small
LYVE1	44852	small
LYZL2	43182	small
LZTFL1	43806	small
M6PR	43593	small
MAD1L1	50945	large
MAEA	50301	large
MAG	43556	small
MAGEA3	43968	small
MAGED1	50301	large
MAMDC2	44781	small
MAMDC4	44574	small
MAN1A2	43593	small
MAN2B2	44781	small
MANEAL	43182	small
MANF	51737	large
MANSC1	51673	large
MANSC4	43314	small
MAP1LC3A	43341	small
MAP1LC3B2	43314	small
MAP2	44676	small
MAP2K1	44592	small
MAP2K6	51439	large
MAP3K5	50301	large
MAP4K5	51029	large
MAPK13	43182	small
MAPK9	51439	large
MAPKAPK2	43968	small
MAPRE3	43182	small
MAPT	50307	large
MARCO	51513	large
MARS1	43726	small
MASP1	51029	large
MATN2	51568	large
MATN3	51029	large
MAVS	50301	large
MAX	50307	large
MB	52149	large
MBL2	44210	small
MCAM	51721	large
MCEE	44703	small
MCEMP1	43488	small
MCFD2	51273	large
MCTS1	44592	small
MDGA1	51114	large
MDH1	44571	small
MDK	51516	large
MDM1	43556	small
MECR	43593	small
MED18	50301	large
MED21	43314	small
MEGF10	51483	large
MEGF11	43314	small
MEGF9	51979	large
MELTF	44781	small
MENT	43806	small
MEP1A	44592	small
MEP1B	51513	large
MEPE	51483	large
MERTK	52077	large
MESD	51527	large
MET	51647	large
METAP1	50307	large
METAP1D	51439	large
METAP2	51875	large
MFAP3	50570	large
MFAP3L	43556	small
MFAP4	43806	small
MFAP5	52149	large
MFGE8	51527	large
MGLL	51653	large
MGMT	51439	large
MIA	51673	large
MICALL2	43556	small
MICB_MICA	51439	large
MIF	51442	large
MILR1	50544	large
MINDY1	44574	small
MINK1	44676	small
MITD1	51114	large
MKI67	43488	small
MLLT1	43182	small
MLN	51439	large
MME	51276	large
MMP1	49648	medium
MMP10	51399	large
MMP12	51554	large
MMP13	50307	large
MMP15	44781	small
MMP3	51527	large
MMP7	50491	large
MMP8	51881	large
MMP9	51443	large
MMUT	43314	small
MN1	43556	small
MNAT1	43968	small
MNDA	51435	large
MOCS2	43806	small
MOG	51952	large
MORC3	44676	small
MORF4L1	43968	small
MORF4L2	43182	small
MORN4	43182	small
MPHOSPH8	50570	large
MPI	51276	large
MPIG6B	51653	large
MPO	51527	large
MPRIP	44490	small
MRC1	44821	small
MRI1	43556	small
MRPL24	43314	small
MRPL28	44703	small
MRPL46	50307	large
MRPL52	43098	small
MRPL58	44703	small
MRPS16	43488	small
MSLN	51192	large
MSLNL	43556	small
MSMB	51398	large
MSR1	51965	large
MSRA	51673	large
MST1	44143	small
MSTN	50570	large
MTDH	43488	small
MTHFD2	44676	small
MTHFSD	43968	small
MTIF3	44592	small
MTPN	50570	large
MTR	43314	small
MTSS1	44592	small
MTSS2	44574	small
MTUS1	43968	small
MUC13	50307	large
MUC16	51276	large
MUC2	44787	small
MUCL3	43182	small
MVK	50544	large
MXRA8	43806	small
MYBPC1	44781	small
MYBPC2	43593	small
MYCBP2	44703	small
MYDGF	44781	small
MYH4	43314	small
MYH7B	43182	small
MYH9	44787	small
MYL1	43314	small
MYL3	43593	small
MYL4	43593	small
MYL6B	43556	small
MYLPF	43556	small
MYO6	44703	small
MYO9B	50544	large
MYOC	51527	large
MYOM1	43341	small
MYOM2	43314	small
MYOM3	43806	small
MZB1	51652	large
MZT1	50301	large
NAA10	43314	small
NAA80	43556	small
NAAA	50875	large
NACC1	44574	small
NADK	51513	large
NAGA	43404	small
NAGK	43513	small
NAGPA	43806	small
NAMPT	50301	large
NAP1L4	44507	small
NAPRT	44676	small
NARS1	44703	small
NBL1	51673	large
NBN	50544	large
NCAM1	51721	large
NCAM2	51527	large
NCAN	51965	large
NCF2	51354	large
NCK2	51737	large
NCLN	50544	large
NCR1	51365	large
NCR3LG1	44592	small
NCS1	51952	large
NDRG1	50307	large
NDST1	44574	small
NDUFA5	43416	small
NDUFB7	44592	small
NDUFS6	50301	large
NEB	43314	small
NECAP2	43314	small
NECTIN1	43488	small
NECTIN2	51437	large
NECTIN4	51673	large
NEDD4L	43488	small
NEDD9	43488	small
NEFL	50148	large
NEK7	43968	small
NELL1	51673	large
NELL2	51737	large
NENF	44574	small
NEO1	44703	small
NEXN	44821	small
NFASC	52077	large
NFAT5	43488	small
NFATC1	51439	large
NFATC3	50544	large
NFE2	43593	small
NFIC	44703	small
NFKB1	43314	small
NFKB2	43968	small
NFKBIE	50301	large
NFU1	44592	small
NFX1	43314	small
NFYA	43314	small
NGF	51114	large
NGFR	44781	small
NGRN	44676	small
NHLRC3	42748	small
NID1	51554	large
NID2	51527	large
NINJ1	50301	large
NIT1	43593	small
NIT2	44611	small
NLGN1	43556	small
NLGN2	43341	small
NME1	43488	small
NME3	51568	large
NMI	44405	small
NMNAT1	51114	large
NMRK2	43182	small
NMT1	44703	small
NOMO1	51527	large
NOP56	43314	small
NOS1	50307	large
NOS2	43314	small
NOS3	50307	large
NOTCH1	52149	large
NOTCH2	44787	small
NOTCH3	52149	large
NPC2	44034	small
NPDC1	51513	large
NPHS1	43488	small
NPHS2	43488	small
NPL	44781	small
NPM1	13790	small
NPPB	50570	large
NPPC	51439	large
NPR1	43314	small
NPTN	50301	large
NPTX1	51527	large
NPTX2	44787	small
NPTXR	51513	large
NPY	51952	large
NRCAM	51513	large
NRGN	44821	small
NRN1	44703	small
NRP1	51806	large
NRP2	51527	large
NRTN	50544	large
NRXN3	43556	small
NSFL1C	51965	large
NT5C	44781	small
NT5C1A	44676	small
NT5C3A	51358	large
NT5E	51673	large
NTF3	51439	large
NTF4	50301	large
NTproBNP	51513	large
NTRK2	51513	large
NTRK3	51965	large
NUB1	51439	large
NUBP1	44574	small
NUCB2	51867	large
NUDC	52077	large
NUDT10	43593	small
NUDT15	43314	small
NUDT16	44516	small
NUDT2	51276	large
NUDT5	51527	large
NUMB	43488	small
NUP50	43314	small
NXPE4	43314	small
NXPH1	50307	large
NXPH3	43488	small
OBP2B	50946	large
OCLN	44703	small
ODAM	50222	large
OFD1	43968	small
OGA	44592	small
OGFR	51276	large
OGN	51527	large
OGT	43968	small
OLFM4	42172	small
OLR1	51012	large
OMD	51737	large
OMG	51276	large
OMP	43341	small
OPHN1	44676	small
OPLAH	43593	small
OPTC	51276	large
ORM1	44693	small
OSBPL2	44676	small
OSCAR	51568	large
OSM	51194	large
OSMR	51806	large
OSTN	43556	small
OTOA	43341	small
OTUD6B	44592	small
OTUD7B	44703	small
OXCT1	43593	small
OXT	51965	large
P4HB	51262	large
PACS2	43314	small
PADI2	50544	large
PADI4	50222	large
PAEP	51114	large
PAFAH1B3	44703	small
PAFAH2	43968	small
PAG1	50570	large
PAGR1	43593	small
PAIP2B	43104	small
PAK4	50307	large
PALLD	43488	small
PALM	44348	small
PALM2	44676	small
PALM3	43314	small
PAM	51897	large
PAMR1	51527	large
PAPPA	50544	large
PARD3	43968	small
PARK7	51527	large
PARP1	51439	large
PAXX	43806	small
PBK	43182	small
PBLD	50307	large
PBXIP1	44592	small
PCARE	43341	small
PCBD1	43723	small
PCBP2	44703	small
PCDH1	51910	large
PCDH12	44703	small
PCDH17	51513	large
PCDH7	44592	small
PCDH9	44592	small
PCDHB15	44574	small
PCNA	43182	small
PCOLCE	19306	small
PCSK7	44574	small
PCSK9	52149	large
PCYT2	44592	small
PDAP1	44781	small
PDCD1	51867	large
PDCD1LG2	51276	large
PDCD5	51965	large
PDCD6	51513	large
PDCL2	43182	small
PDE1C	43182	small
PDE4D	43314	small
PDE5A	43806	small
PDGFA	52149	large
PDGFB	51737	large
PDGFC	50301	large
PDGFRA	51513	large
PDGFRB	52149	large
PDIA2	43182	small
PDIA3	43806	small
PDIA4	44787	small
PDIA5	43182	small
PDLIM5	44703	small
PDLIM7	51737	large
PDP1	50301	large
PDRG1	43556	small
PDXDC1	43182	small
PDZD2	43314	small
PDZK1	43488	small
PEAR1	52149	large
PEBP1	51527	large
PECAM1	51527	large
PECR	43593	small
PENK	43806	small
PEPD	44821	small
PER3	43488	small
PF4	44518	small
PFDN2	50307	large
PFDN4	43182	small
PFDN6	43556	small
PFKFB2	51192	large
PGA4	44821	small
PGD	44781	small
PGF	52077	large
PGLYRP1	51897	large
PGLYRP2	44284	small
PGLYRP4	43314	small
PGM2	43556	small
PGR	43488	small
PHACTR2	44703	small
PHLDB1	44592	small
PHLDB2	43182	small
PHOSPHO1	51114	large
PHYKPL	43806	small
PI16	44821	small
PI3	50833	large
PIBF1	44703	small
PIGR	50858	large
PIK3AP1	51439	large
PIK3IP1	51527	large
PIKFYVE	43488	small
PILRA	51527	large
PILRB	51513	large
PINLYP	43806	small
PITHD1	43104	small
PKD1	44781	small
PKD2	43314	small
PKLR	51568	large
PKN3	43968	small
PLA2G10	51114	large
PLA2G15	51673	large
PLA2G1B	52065	large
PLA2G2A	51411	large
PLA2G4A	51737	large
PLA2G7	51527	large
PLAT	51979	large
PLAU	51527	large
PLAUR	51147	large
PLB1	44676	small
PLCB1	43488	small
PLCB2	44676	small
PLEKHO1	44676	small
PLG	43710	small
PLIN1	50307	large
PLIN3	51513	large
PLPBP	51513	large
PLSCR3	44591	small
PLTP	51982	large
PLXDC1	50301	large
PLXDC2	44676	small
PLXNA4	51439	large
PLXNB2	51896	large
PLXNB3	51344	large
PM20D1	51268	large
PMCH	43314	small
PMM2	43314	small
PMS1	43556	small
PMVK	50225	large
PNLIP	44821	small
PNLIPRP1	44676	small
PNLIPRP2	51483	large
PNMA1	43593	small
PNMA2	43341	small
PNPT1	50544	large
PODXL	51276	large
PODXL2	51673	large
POF1B	43488	small
POLR2A	43488	small
POLR2F	51276	large
POMC	43593	small
PON1	44821	small
PON2	50570	large
PON3	51737	large
POSTN	44787	small
PPBP	44518	small
PPCDC	51965	large
PPIB	51559	large
PPIE	43968	small
PPIF	44787	small
PPL	43488	small
PPM1A	50301	large
PPM1B	43488	small
PPM1F	44781	small
PPME1	51276	large
PPP1CC	44574	small
PPP1R12A	51673	large
PPP1R12B	43968	small
PPP1R14A	44703	small
PPP1R14D	44703	small
PPP1R2	51513	large
PPP1R9B	52077	large
PPP2R5A	44592	small
PPP3R1	51114	large
PPT1	43556	small
PPY	51432	large
PQBP1	50301	large
PRAME	43182	small
PRAP1	44787	small
PRC1	44574	small
PRCP	51824	large
PRDX1	50055	large
PRDX2	44064	small
PRDX3	50544	large
PRDX5	52077	large
PRDX6	51952	large
PREB	50544	large
PRELP	51483	large
PRG2	44787	small
PRG3	44787	small
PRKAB1	50544	large
PRKAG3	43556	small
PRKAR1A	51513	large
PRKAR2A	44591	small
PRKCQ	50544	large
PRKD2	43314	small
PRKG1	43806	small
PRKRA	50301	large
PRL	51965	large
PRND	44676	small
PROC	51638	large
PROCR	43314	small
PROK1	51439	large
PROS1	44852	small
PRR4	43483	small
PRR5	43488	small
PRRT3	43593	small
PRSS2	51721	large
PRSS22	43488	small
PRSS27	51345	large
PRSS53	44676	small
PRSS8	51314	large
PRTFDC1	50307	large
PRTG	51952	large
PRTN3	50224	large
PRUNE2	43968	small
PSAP	44367	small
PSAPL1	44592	small
PSCA	44592	small
PSG1	51114	large
PSIP1	51439	large
PSMA1	50301	large
PSMC3	43182	small
PSMD1	44703	small
PSMD5	43556	small
PSMD9	51276	large
PSME1	51031	large
PSME2	50876	large
PSMG3	51439	large
PSMG4	43488	small
PSPN	51439	large
PSRC1	50301	large
PSTPIP2	42241	small
PTEN	50307	large
PTGDS	51133	large
PTGES2	43155	small
PTGR1	44781	small
PTH	43556	small
PTH1R	51439	large
PTK7	50307	large
PTN	50570	large
PTP4A3	43488	small
PTPN1	51114	large
PTPN6	51653	large
PTPN9	43409	small
PTPRB	44781	small
PTPRC	44787	small
PTPRF	52149	large
PTPRH	44592	small
PTPRK	44592	small
PTPRM	51355	large
PTPRN2	50945	large
PTPRR	44676	small
PTPRS	52149	large
PTPRZ1	44781	small
PTRHD1	43806	small
PTS	50070	large
PTTG1	43968	small
PTX3	51439	large
PVALB	51716	large
PVR	51965	large
PXDNL	44574	small
PXN	50307	large
PYDC1	43593	small
PYY	43314	small
PZP	44852	small
QDPR	51262	large
QPCT	51569	large
QSOX1	43944	small
RAB10	44781	small
RAB11FIP3	44781	small
RAB27B	44781	small
RAB2B	44574	small
RAB33A	43314	small
RAB37	50544	large
RAB39B	43314	small
RAB3GAP1	43341	small
RAB44	44574	small
RAB6A	51439	large
RAB6B	50307	large
RABEP1	43806	small
RABEPK	50301	large
RABGAP1L	50544	large
RAC3	43556	small
RAD23B	50301	large
RAD51	43968	small
RALB	43488	small
RALY	44574	small
RANBP1	43593	small
RANBP2	43341	small
RANGAP1	50301	large
RAP1A	43488	small
RAPGEF2	43968	small
RARRES1	50301	large
RARRES2	51806	large
RASA1	50307	large
RASGRF1	43182	small
RASSF2	50301	large
RBFOX3	44703	small
RBKS	50310	large
RBM17	44703	small
RBM19	43314	small
RBM25	43182	small
RBP1	43556	small
RBP2	51276	large
RBP5	51276	large
RBP7	44592	small
RBPMS	43488	small
RBPMS2	43593	small
RCC1	44574	small
RCOR1	50570	large
RECK	43593	small
REEP4	44703	small
REG1A	51216	large
REG1B	52149	large
REG3A	52149	large
REG3G	44574	small
REG4	51568	large
RELB	43488	small
RELT	51527	large
REN	51513	large
REPS1	43488	small
REST	43182	small
RET	51276	large
RETN	51398	large
REXO2	43314	small
RFC4	44574	small
RGCC	44703	small
RGL2	43968	small
RGMA	51965	large
RGMB	51965	large
RGS10	44703	small
RGS8	50544	large
RHOC	50809	large
RICTOR	43488	small
RIDA	43806	small
RILP	51801	large
RILPL2	44781	small
RIPK4	43314	small
RLN1	44703	small
RLN2	43725	small
RNASE1	44821	small
RNASE10	43593	small
RNASE3	51267	large
RNASE4	43333	small
RNASE6	44500	small
RNASEH2A	44703	small
RNASET2	51903	large
RNF149	43593	small
RNF168	43488	small
RNF31	43488	small
RNF4	43968	small
RNF41	50301	large
RNF43	43968	small
RNF5	43593	small
ROBO1	51568	large
ROBO2	51965	large
ROBO4	43593	small
ROR1	51513	large
RP2	51276	large
RPA2	43488	small
RPE	43968	small
RPGR	43556	small
RPL14	43593	small
RPS10	43314	small
RRAS	43556	small
RRM2	50301	large
RRM2B	50301	large
RRP15	43341	small
RSPO1	51114	large
RSPO3	51952	large
RTBDN	51276	large
RTKN2	43314	small
RTN4IP1	44703	small
RTN4R	51952	large
RUVBL1	50301	large
RWDD1	51965	large
RYR1	43314	small
S100A11	51109	large
S100A12	50789	large
S100A13	43488	small
S100A14	44703	small
S100A16	50222	large
S100A3	44574	small
S100A4	51673	large
S100G	44703	small
S100P	50570	large
SAA4	44852	small
SAFB2	44703	small
SAG	43341	small
SAMD9L	51439	large
SAP18	43968	small
SARG	44611	small
SART1	43314	small
SAT1	43314	small
SAT2	43968	small
SATB1	44703	small
SBSN	44704	small
SCAMP3	51276	large
SCARA5	51965	large
SCARB1	50307	large
SCARB2	50138	large
SCARF1	52149	large
SCARF2	51965	large
SCG2	51716	large
SCG3	51568	large
SCGB1A1	51568	large
SCGB2A2	43314	small
SCGB3A1	43806	small
SCGB3A2	51653	large
SCGN	50544	large
SCIN	43341	small
SCLY	51801	large
SCN2A	43341	small
SCN2B	43556	small
SCN3A	43556	small
SCN3B	43341	small
SCN4B	43593	small
SCP2	50301	large
SCPEP1	43431	small
SCRG1	44781	small
SCRIB	43593	small
SCRN1	51439	large
SCT	43556	small
SDC1	51513	large
SDC4	51513	large
SDCCAG8	44574	small
SDHB	44592	small
SDK2	43806	small
SEC31A	43593	small
SEL1L	43593	small
SELE	52149	large
SELENOP	44852	small
SELL	44852	small
SELP	51721	large
SELPLG	51439	large
SEMA3F	51513	large
SEMA3G	43806	small
SEMA4C	51276	large
SEMA4D	51965	large
SEMA6C	43488	small
SEMA7A	51979	large
SEPTIN3	44703	small
SEPTIN7	43968	small
SEPTIN8	44591	small
SEPTIN9	51276	large
SERPINA1	44011	small
SERPINA11	52149	large
SERPINA12	50030	large
SERPINA3	44688	small
SERPINA4	44031	small
SERPINA5	44200	small
SERPINA6	44852	small
SERPINA7	44852	small
SERPINA9	51034	large
SERPINB1	51358	large
SERPINB5	50570	large
SERPINB6	51796	large
SERPINB8	52077	large
SERPINB9	51114	large
SERPINC1	44767	small
SERPIND1	44767	small
SERPINE1	52149	large
SERPINE2	44781	small
SERPINF1	44173	small
SERPINF2	44010	small
SERPING1	44767	small
SERPINH1	43968	small
SERPINI1	43726	small
SERPINI2	44592	small
SESTD1	50307	large
SETMAR	50946	large
SEZ6	43556	small
SEZ6L	51673	large
SEZ6L2	51276	large
SF3B4	51276	large
SFRP1	50945	large
SFRP4	43806	small
SFTPA1	50301	large
SFTPA2	50301	large
SFTPD	51513	large
SGSH	44032	small
SH2B3	50301	large
SH2D1A	51439	large
SH3BGRL2	43341	small
SH3BP1	44592	small
SH3GL3	43719	small
SH3GLB2	44676	small
SHBG	44821	small
SHC1	43182	small
SHD	43229	small
SHH	43488	small
SHISA5	44787	small
SHMT1	51653	large
SHPK	43968	small
SIAE	51588	large
SIGLEC1	51737	large
SIGLEC10	51439	large
SIGLEC15	50307	large
SIGLEC5	51527	large
SIGLEC6	51952	large
SIGLEC7	51513	large
SIGLEC8	43593	small
SIGLEC9	51878	large
SIL1	43593	small
SIRPA	51646	large
SIRPB1	51398	large
SIRT1	43488	small
SIRT2	51276	large
SIRT5	50307	large
SIT1	50544	large
SKAP1	51029	large
SKAP2	51737	large
SKIV2L	43314	small
SLA2	44703	small
SLAMF1	50544	large
SLAMF6	50301	large
SLAMF7	51439	large
SLAMF8	50301	large
SLC12A2	43314	small
SLC13A1	44574	small
SLC16A1	50307	large
SLC1A4	43556	small
SLC27A4	50307	large
SLC28A1	43182	small
SLC34A3	43182	small
SLC39A14	50307	large
SLC39A5	51439	large
SLC44A4	43556	small
SLC4A1	44787	small
SLC51B	43314	small
SLC9A3R1	43806	small
SLC9A3R2	44592	small
SLIRP	43182	small
SLIT2	50307	large
SLITRK1	43488	small
SLITRK2	51952	large
SLITRK6	50570	large
SLK	43968	small
SLMAP	44592	small
SLURP1	44457	small
SMAD1	50301	large
SMAD2	44574	small
SMAD3	44574	small
SMAD5	51276	large
SMARCA2	50307	large
SMC3	43182	small
SMNDC1	44592	small
SMOC1	51952	large
SMOC2	51737	large
SMPD1	51711	large
SMPD3	43488	small
SMPDL3A	51652	large
SMPDL3B	44574	small
SMS	43341	small
SMTN	44591	small
SNAP23	51513	large
SNAP25	43341	small
SNAP29	51673	large
SNAPIN	44703	small
SNCA	43806	small
SNCG	51114	large
SNED1	43593	small
SNRPB2	44676	small
SNU13	43314	small
SNX15	43806	small
SNX18	44592	small
SNX2	44574	small
SNX5	43593	small
SNX9	51513	large
SOD1	50483	large
SOD2	51527	large
SOD3	44821	small
SORBS1	44703	small
SORCS2	50301	large
SORD	51716	large
SORT1	51437	large
SOST	51437	large
SOWAHA	43556	small
SOX2	44619	small
SOX9	43556	small
SPACA5_SPACA5B	44703	small
SPAG1	44703	small
SPARC	51673	large
SPARCL1	51551	large
SPART	43806	small
SPESP1	44781	small
SPINK1	51527	large
SPINK2	43806	small
SPINK4	51439	large
SPINK5	51527	large
SPINK6	51952	large
SPINK8	43314	small
SPINT1	51357	large
SPINT2	51737	large
SPINT3	44592	small
SPOCK1	51114	large
SPON1	51568	large
SPON2	51267	large
SPP1	52067	large
SPRED2	43488	small
SPRING1	43182	small
SPRR1B	43968	small
SPRR3	44676	small
SPRY2	50544	large
SPTBN2	43341	small
SPTLC1	44676	small
SRC	51588	large
SRP14	51276	large
SRPK2	51439	large
SRPX	44781	small
SSB	50307	large
SSBP1	43488	small
SSC4D	51437	large
SSC5D	51721	large
SSH3	43182	small
SSNA1	44592	small
ST13	43806	small
ST3GAL1	51276	large
ST6GAL1	52149	large
ST8SIA1	43488	small
STAB2	44787	small
STAM	44574	small
STAMBP	51029	large
STAT2	43488	small
STAT5B	51276	large
STAU1	43182	small
STC1	51965	large
STC2	51456	large
STEAP4	43341	small
STIP1	51442	large
STK11	50570	large
STK24	50307	large
STK4	51513	large
STOML2	43182	small
STX16	50301	large
STX1B	43556	small
STX3	44676	small
STX4	51276	large
STX5	43488	small
STX6	50301	large
STX7	43488	small
STX8	51439	large
STXBP1	44703	small
STXBP3	50301	large
SUGP1	44592	small
SUGT1	50301	large
SULT1A1	51965	large
SULT2A1	51439	large
SUMF1	43488	small
SUMF2	51965	large
SUOX	44703	small
SUSD1	50570	large
SUSD2	51527	large
SUSD4	44574	small
SUSD5	43563	small
SV2A	43556	small
SWAP70	44592	small
SYAP1	43806	small
SYNGAP1	43341	small
SYT1	44676	small
SYTL4	44781	small
TAB2	43968	small
TACC3	51276	large
TACSTD2	45638	small
TADA3	44574	small
TAFA5	51276	large
TAGLN3	43182	small
TALDO1	44620	small
TANK	50544	large
TAP1	43968	small
TARBP2	50307	large
TARM1	43556	small
TARS1	44574	small
TAX1BP1	44676	small
TBC1D17	50307	large
TBC1D23	51276	large
TBC1D5	51439	large
TBCA	43806	small
TBCB	51114	large
TBCC	51114	large
TBL1X	50301	large
TBR1	43556	small
TCL1A	51038	large
TCL1B	50570	large
TCN1	43915	small
TCN2	52067	large
TCOF1	44781	small
TCP11	43968	small
TCTN3	44781	small
TDGF1	50307	large
TDO2	43556	small
TDP1	44574	small
TDRKH	50307	large
TEF	43314	small
TEK	51673	large
TERF1	43488	small
TET2	43886	small
TEX101	43556	small
TEX33	43968	small
TF	44852	small
TFAP2A	43341	small
TFF1	51273	large
TFF2	51653	large
TFF3	51468	large
TFPI	51385	large
TFPI2	51516	large
TFRC	51722	large
TG	44574	small
TGFA	51439	large
TGFB1	51992	large
TGFB2	44574	small
TGFBI	51217	large
TGFBR1	43488	small
TGFBR2	51673	large
TGFBR3	52149	large
TGM2	51428	large
TGOLN2	44821	small
THAP12	43104	small
THBD	51513	large
THBS2	51527	large
THBS4	51554	large
THOP1	51268	large
THPO	50570	large
THRAP3	43314	small
THSD1	43155	small
THTPA	44490	small
THY1	51965	large
TIA1	50001	large
TIE1	52149	large
TIGAR	50222	large
TIGIT	43968	small
TIMD4	51721	large
TIMM10	44781	small
TIMM8A	44676	small
TIMP1	50962	large
TIMP2	44781	small
TIMP3	51737	large
TIMP4	51527	large
TINAGL1	51352	large
TJAP1	51673	large
TJP3	43341	small
TK1	43968	small
TLR1	43488	small
TLR2	43968	small
TLR3	52077	large
TLR4	43488	small
TMCO5A	43556	small
TMED1	43968	small
TMED10	43314	small
TMED4	43314	small
TMED8	44592	small
TMEM106A	44574	small
TMEM132A	43593	small
TMEM25	44703	small
TMOD4	43182	small
TMPRSS11B	43341	small
TMPRSS11D	44591	small
TMPRSS15	51276	large
TMPRSS5	50868	large
TMSB10	51527	large
TNC	51721	large
TNF	50492	large
TNFAIP2	44592	small
TNFAIP8	50544	large
TNFAIP8L2	43806	small
TNFRSF10A	51114	large
TNFRSF10B	51114	large
TNFRSF10C	51644	large
TNFRSF11A	52077	large
TNFRSF11B	51483	large
TNFRSF12A	51673	large
TNFRSF13B	51568	large
TNFRSF13C	50544	large
TNFRSF14	51568	large
TNFRSF17	43806	small
TNFRSF19	51952	large
TNFRSF1A	51527	large
TNFRSF1B	51527	large
TNFRSF21	51965	large
TNFRSF4	51992	large
TNFRSF6B	51114	large
TNFRSF8	51965	large
TNFRSF9	51114	large
TNFSF10	52077	large
TNFSF11	51439	large
TNFSF12	52077	large
TNFSF13	51737	large
TNFSF13B	52064	large
TNFSF14	51114	large
TNFSF8	44787	small
TNIP1	44676	small
TNN	44787	small
TNNI3	50570	large
TNPO1	43968	small
TNR	51114	large
TNXB	51527	large
TOMM20	44781	small
TOP1	44592	small
TOP1MT	43182	small
TOP2B	43488	small
TOR1AIP1	43593	small
TP53	50301	large
TP53BP1	43488	small
TP53I3	42853	small
TP53INP1	50570	large
TP73	43556	small
TPBGL	43556	small
TPD52L2	43806	small
TPK1	44781	small
TPM3	43314	small
TPMT	50301	large
TPP1	51145	large
TPPP2	43968	small
TPPP3	50307	large
TPR	43314	small
TPRKB	43182	small
TPSAB1	51992	large
TPSD1	44703	small
TPSG1	43488	small
TPT1	50544	large
TRAF2	51439	large
TRAF3	43488	small
TRAF3IP2	43314	small
TRDMT1	43968	small
TREH	44787	small
TREM2	51483	large
TREML1	44821	small
TREML2	51527	large
TRIAP1	51952	large
TRIM21	51439	large
TRIM24	43884	small
TRIM25	44592	small
TRIM26	43182	small
TRIM40	43556	small
TRIM5	51439	large
TRIM58	44574	small
TRPV3	43314	small
TSC1	43488	small
TSC22D1	44703	small
TSHB	51513	large
TSLP	50570	large
TSNAX	43314	small
TSPAN1	50570	large
TSPAN15	43314	small
TSPAN7	43341	small
TSPAN8	44592	small
TSPYL1	43488	small
TST	50224	large
TTF2	43556	small
TTN	43314	small
TTR	44365	small
TUBB3	43341	small
TWF2	44787	small
TXK	43968	small
TXLNA	51114	large
TXN	44085	small
TXNDC15	51673	large
TXNDC5	51965	large
TXNDC9	44676	small
TXNL1	43258	small
TXNRD1	51527	large
TYMP	51184	large
TYRO3	51513	large
TYRP1	43488	small
UBAC1	51276	large
UBE2B	44574	small
UBE2L6	44781	small
UBE2Z	43488	small
UBQLN3	43314	small
UBXN1	43806	small
UFD1	44592	small
UGDH	43314	small
UHRF2	43314	small
ULBP2	51114	large
UMOD	51986	large
UNC5D	43488	small
UNC79	43182	small
UNG	44574	small
UPB1	44781	small
UPK3A	43341	small
UPK3BL1	43883	small
UROD	43806	small
UROS	43556	small
USO1	51276	large
USP25	44574	small
USP28	44676	small
USP47	43314	small
USP8	50570	large
UXS1	50301	large
VAMP5	50570	large
VAMP8	43488	small
VASH1	51439	large
VASN	50713	large
VASP	44821	small
VAT1	51276	large
VAV3	43341	small
VCAM1	51638	large
VCAN	51965	large
VCPKMT	43182	small
VEGFA	51908	large
VEGFB	43488	small
VEGFC	51673	large
VEGFD	51992	large
VGF	44703	small
VIM	50570	large
VIPR1	43593	small
VIT	44781	small
VMO1	51276	large
VNN1	44821	small
VNN2	51276	large
VPS28	43968	small
VPS37A	51276	large
VPS4B	44574	small
VPS53	51276	large
VSIG10	44574	small
VSIG10L	43314	small
VSIG2	44574	small
VSIG4	51456	large
VSIR	51435	large
VSNL1	44676	small
VSTM1	50307	large
VSTM2B	43968	small
VSTM2L	50570	large
VTA1	51965	large
VTCN1	50301	large
VTI1A	43806	small
VWA1	51875	large
VWA5A	43182	small
VWC2	50944	large
VWC2L	44703	small
VWF	52149	large
WARS	51527	large
WAS	50544	large
WASF1	50570	large
WASF3	50307	large
WASHC3	44676	small
WASL	43488	small
WDR46	44574	small
WFDC1	43673	small
WFDC12	51867	large
WFDC2	48898	medium
WFIKKN1	50946	large
WFIKKN2	51568	large
WIF1	51952	large
WNT9A	50544	large
WWP2	51114	large
XCL1	51952	large
XG	51897	large
XIAP	43488	small
XPNPEP2	51673	large
XRCC4	50307	large
YAP1	44676	small
YARS1	44592	small
YES1	51276	large
YJU2	44574	small
YOD1	43314	small
YTHDF3	50544	large
YWHAQ	43806	small
YY1	43488	small
ZBP1	43488	small
ZBTB16	50301	large
ZBTB17	50570	large
ZCCHC8	43314	small
ZFYVE19	44592	small
ZHX2	44676	small
ZNF174	43488	small
ZNF75D	43968	small
ZNF830	44574	small
ZNRD2	44592	small
ZNRF4	44574	small
ZP3	43593	small
ZP4	43182	small
ZPR1	43341	small
