term	estimate	std.error	statistic	p.value	model
(Intercept)	0.0197980103898746	0.000691424664056114	28.6336479143415	1.64915889102735e-155	allpQTLs ~ R2_G
R2_G	1.02826619081782	0.00447382877625791	229.840309552012	0	allpQTLs ~ R2_G
(Intercept)	0.106106033164958	0.00142246193417035	74.5932320690496	0	total_herit ~ R2_G
R2_G	1.11415951149095	0.00920396894274855	121.052072037766	0	total_herit ~ R2_G
(Intercept)	0.0259547415378184	0.00131762600335104	19.6981096850012	3.16995045820037e-80	cispQTLs ~ R2_Gcis
R2_Gcis	1.00716695741361	0.010615544628152	94.8766165744006	0	cispQTLs ~ R2_Gcis
(Intercept)	0.171831753728833	0.00428258643685933	40.1233591574271	3.29465614347615e-270	THcis ~ R2_Gcis
R2_Gcis	1.54323810532322	0.0345029525288495	44.7277114627463	7.95396283239823e-319	THcis ~ R2_Gcis
(Intercept)	0.0134069713410228	0.000807421231460892	16.6046802073375	1.02202404540403e-58	transpQTLs ~ R2_Gtrans
R2_Gtrans	0.430573379319403	0.0103818837228984	41.4735312792729	2.21617517276364e-284	transpQTLs ~ R2_Gtrans
(Intercept)	0.100914614886035	0.00297140178075438	33.9619554446168	5.00292987125303e-207	THtrans ~ R2_Gtrans
R2_Gtrans	0.812604679680695	0.0382065105298132	21.2687489229514	3.71671243287164e-92	THtrans ~ R2_Gtrans
