figure_id	figure_type	description	script	required_modules	required_support_outputs	required_inputs	loader	output_dir	website_export	status	notes	manuscript_ref	figure_class
fig_dose_response	assoc	Exposure-protein effects are dose-dependent: a binned protein level across ordered exposure levels for six DISTINCT exposures (both positive and negative gradients), b the alcohol case the text names -- mean |beta| over the replicated proteome rises monotonically with intake frequency (0.18 -> 0.32)	scripts/visualizations/figures/fig_dose_response.R	module2	none	HEAP loader RDS (~9 GB; binned raw protein levels) + module2 replicated statE	load_module2_results + load_module2_replicated	supplement	yes	active		FigS10	new
fig_tissue_enrichment	tissue_pathway_enrichment	Tissue (GTEx) GSEA NES dotplot/heatmap of exposure-associated proteins (p.adj<0.05)	scripts/visualizations/figures/fig_tissue_enrichment.R	module2;module4_enrichment	module4_enrichment/tissue_enrichment.csv	module4_enrichment/tissue_enrichment.csv (cols ID,setSize,NES,p.adjust,cID)	(reads CSV directly)	supplement	yes	active		FigS8	migrated
fig_pathway_enrichment	tissue_pathway_enrichment	Reactome pathway GSEA NES dotplot/heatmap (top-N significant exposure x pathway)	scripts/visualizations/figures/fig_pathway_enrichment.R	module2;module4_enrichment	module4_enrichment/pathway_enrichment.csv	module4_enrichment/pathway_enrichment.csv (cols Description,setSize,NES,p.adjust,cID)	(reads CSV directly)	supplement	yes	active		FigS9	migrated
fig_mediation_flows	mediation	Mediation hubs: a the most pleiotropic mediator proteins by number of DISTINCT diseases mediated, filled by dominant driving exposure category, with the three proteins the text names (LEP, ADM, FABP4) marked; b exposure -> protein -> disease alluvial of the strongest links	scripts/visualizations/figures/fig_mediation_flows.R	module3	none	module3/<exp>/<cov>/<family>/partitioned_categories/MDres_*.txt	load_module3_results	supplement	yes	active		FigS20	new
fig_mediation_prioritization	mediation	The prioritized mediation set: a direct vs through-protein decomposition of the strongest lifestyle->protein->disease links (% mediated), b curated intermediaries for the diseases carrying strong mediation (NIE HR, 95% CI), c per-category Spearman rho between Module-1 exposure R2 and mediated-effect strength (Exercise 0.77, Alcohol 0.74, Diet 0.73 ... Vitamins 0.00, Sun -0.23)	scripts/visualizations/figures/fig_mediation_prioritization.R	module3	none	module3 partitioned_categories + exploratory/module3/mediation_x_variance.tsv	load_module3_results	supplement	yes	active		FigS21	new
fig_mediation_proportion	mediation	CONSOLIDATED proportion-mediated evidence: a PM vs total-effect landscape (exposomic PM bounded low across the whole HR range), b PM per driver -- every lifestyle driver at 11-24% median vs cis-genetic ~54% (positive control)	scripts/visualizations/figures/fig_mediation_proportion.R	module3	none	module3/<exp>/<covarType>/<family>/primary_total/ + partitioned_categories/ (MDres_*.txt)	load_module3_results	supplement	yes	active		FigS19	new
fig_mr_coloc	mr_edges	CONSOLIDATED colocalization: a PP.H4-vs-PP.H3 gate (LD-confounded vs shared causal variant), b yield by arm x edge type with the SCOPE made explicit, c the 18 colocalized hits, d the ASGR1 exemplar locuszoom (rs55714927, PP.H4=0.998)	scripts/visualizations/figures/fig_mr_coloc.R	module5	support/coloc/coloc_index.tsv	support/coloc/coloc_index.tsv + <locus>_plot_table.tsv + load_coloc_results()	(reads support TSV)	supplement	no	active		FigS30	migrated
fig_exposure_cormatrix	supplementary_qc	Exposure correlation matrix (pairwise-complete) of the analysis exposures, ordered by broad category	scripts/visualizations/figures/fig_exposure_cormatrix.R	none(loader)	none	HEAP.rds (loader object, HEAP_LOADER_RDS)	heap_loader_rds	supplement	no	active		extra	migrated
fig_exwas_miami	exposure_protein_assoc	Signed ExWAS/Miami of exposure-protein associations: -log10(p_train)*sign(beta), replicated points coloured by category	scripts/visualizations/figures/fig_exwas_miami.R	module2	none	module2/<experiment>/<covarType>/univar_assoc_*.rds (statE train+test)	load_module2_replicated	supplement	yes	active		FigS6	new
fig_gxe_architecture	gxe_structure	CONSOLIDATED polygenic-GxE architecture: a cis/trans/joint-only component split, b by exposure category, c GxE hub proteins (FOLR3), d cis-GxE genomic Manhattan (chr11 FOLR3 tower)	scripts/visualizations/figures/fig_gxe_architecture.R	module2	none	module2/<experiment>/<covarType>/univar_assoc_*.rds (statFblock p_GxE_joint/p_GcisxE/p_GtrxE train+test) + olink_protein_map_3k_v1.tsv	load_module2_results	supplement	yes	active		FigS17	new
fig_traintest_stability_categories	r2_variance_decomposition	Per exposure-category (13) train vs test out-of-fold PXS unique R2, faceted; which exposure categories replicate vs contribute train-only variance	scripts/visualizations/figures/fig_traintest_stability_categories.R	module1	none	module1_predictive_r2_score_partition/<exp>/<covarType>/<method>/predictive_r2_exposure_categories_* (score_unique_drop r2 + r2_train)	load_module1_predictive_r2	supplement	yes	active		extra	new
fig_pes_incremental_value	pes_prediction	Incremental PES R2 over covariate baseline (dumbbell)	scripts/visualizations/figures/fig_pes_incremental_value.R	module6	none	module6_pes_longitudinal/<covarType>/PESlong_*_TrainOverallMetrics.tsv	load_module6_pes_longitudinal	supplement	yes	active		FigS33	new
fig_pes_covariate_robustness	pes	CONSOLIDATED PES covariate sensitivity: a-c incremental held-out R2/AUC/AUPR across the base -> +BMI -> +clinical ladder, d base vs +clinical increment (Spearman 0.96), e held-out AUPR against its prevalence null (79/84 binary exposures beat it)	scripts/visualizations/figures/fig_pes_covariate_robustness.R	module6_pes_longitudinal	none	module6_pes_longitudinal/covariate_sensitivity/covariate_sensitivity.tsv	direct fread	supplement	yes	active		FigS34	new
fig_pes_panel_size	pes_prediction	PES predictive accuracy vs LASSO panel size (scatter)	scripts/visualizations/figures/fig_pes_panel_size.R	module6	none	module6_pes_longitudinal/<covarType>/PESlong_*_SelectedProteins.tsv;module6_pes_longitudinal/<covarType>/PESlong_*_TrainOverallMetrics.tsv	load_module6_pes_longitudinal	supplement	no	active		extra	new
fig_ldsc_rg	ldsc_rg	Genetic correlation (rg) between exposures from bivariate LD Score Regression: clustered symmetric heatmap of pairwise rg among well-powered exposures, FDR-flagged	scripts/visualizations/figures/fig_ldsc_rg.R	ldsc	none	gwas/ldsc/ldsc_rg_summary.tsv	load_ldsc_rg	supplement	yes	active		extra	new
fig_pes_specificity	pes	PES panels are exposure-SPECIFIC, not a common health axis: a/b PES scores only weakly correlated (median |r|=0.17; 57% of 26,732 pairs below 0.2), c median protein appears in just 3 of 160 panels, 30% in exactly one, ZERO in >=50% of exposures	scripts/visualizations/figures/fig_pes_specificity.R	module6_pes_longitudinal	none	module6_pes_longitudinal/pes_score_correlation/*.tsv + deployable_lasso_weights/<cov>/**/*_lasso_k50_weights.txt	direct fread	supplement	yes	active		FigS36	new
fig_pes_tracking_design	pes	Is the within-person tracking supported by the design? a years between repeat assessments (median 2y imaging->repeat, 10-11y from baseline), b participants who actually changed each exposure, c precision of the tracking correlation vs number of changers (power-limited, not biased)	scripts/visualizations/figures/fig_pes_tracking_design.R	module6_pes_longitudinal	none	module6_pes_longitudinal/visit_timing/visit_timing_gaps.tsv + base/PESlong_base_WithinDeltaCorCI.tsv	direct fread	supplement	yes	active		FigS39	new
fig_mr_motif_overview	mr_qc	MR triad motifs under two evidence bars: raising to Tier 1 collapses the MEDIATOR motif 84->7 triads (25->3 proteins) but barely moves DISEASE-LIABILITY 17,999->15,127 (550->498). Causal mediation does not survive rigor; disease-driven reporting does.	scripts/visualizations/figures/fig_mr_motif_overview.R	module5	mr_edges/summary/MRmotifs.tsv	mr_edges/summary/MRmotifs.tsv + mr_edges/summary/mr_tiered_edges.tsv	load_mr_table	supplement	no	active		extra	new
fig_mr_refines_mediation	mr	PROMOTED from fig_mr_supplement panels d+f: a MR refines Module-3 mediation (2,686 tested -> 1,466 observational mediators -> 6 MR-causal & colocalized, 0.2%), b the survivors as exposure -> protein -> disease chains with coloc PP.H4, deCODE replication and drug status	scripts/visualizations/figures/fig_mr_refines_mediation.R	module3;mr_edges	none	module3 primary_total (heap_proportion_mediated) + mr_edges/summary/{mr_tiered_edges,MRmotifs}.tsv + load_coloc_results()	load_module3_results + load_coloc_results	supplement	yes	active		FigS29	new
fig_mr_attrition	mr	CONSOLIDATED MR attrition: a confidence-tier funnel per instrument class (44,996 pQTL-instrumented edges tested -> 2 replicated Tier 1+), b hit rate by edge direction, c |z| among hits, d % of hits retained after heterogeneity/pleiotropy filtering (both arms)	scripts/visualizations/figures/fig_mr_attrition.R	mr	none	mr_tables/ (tier_funnel, sensitivity_by_edgedir, mr_sensitivity_long) via load_mr_table/load_mr_table_both	load_mr_table	supplement	yes	active		FigS25	new
fig_m6_panel_a	pes_schematic	Fig6a: PES study-design schematic (longitudinal timeline + train/test + the three questions)	scripts/visualizations/figures/fig_module6_schematic_compact.tex	module6	none	none	none	main	no	external		Module6a	new
fig_m6_panel_b	pes_prediction	Fig6b: proteome reads the exposome - held-out R2 (continuous) | AUC (binary) per exposure + 95% bootstrap CI	scripts/visualizations/figures/fig_m6_panel_b.R	module6	module6_holdout_ci.R	module6_pes_longitudinal/base/PESlong_base_HoldoutAccuracyCI.tsv	none	main	no	active		Module6b	new
fig_m6_panel_c	within_person	Fig6c: within-person delta-correlation tracking (breadth + alcohol-dose + smoking-reversibility exemplars)	scripts/visualizations/figures/fig_m6_panel_c.R	module6	module6_within_ci.R	module6_pes_longitudinal/base/PESlong_base_WithinDeltaCorCI.tsv;PESlong_base_*_HoldoutScores.tsv	none	main	no	active		Module6c	new
fig_m6_panel_d	pes_cox_risk	Fig6d: disease relevance - reads x tracks scatter + held-out Cox C-index ladders (PES vs self-report), per-disease labels	scripts/visualizations/figures/fig_m6_panel_d.R	module6	module6_quadrant_scan.R;module6_quadrant_ladders.R	module6_pes_longitudinal/multipes_disease/quadrant_scan.tsv;quadrant_ladders.tsv	load_module6_pes_longitudinal	main	no	active		Module6d	new
fig_module6_composite	composite	Fig6: Module 6 PES landscape main figure - 2x2 (a schematic, b reads, c tracks, d disease)	scripts/visualizations/build_module6_composite_landscape.R	module6	fig_m6_panel_a;fig_m6_panel_b;fig_m6_panel_c;fig_m6_panel_d	panel *_cell.{png,pdf} built by the panel scripts in HEAP_CELL=1 mode	none	main	no	external		Module6	new
fig_exposomic_composite	composite	Fig2 (COMBINED Module 2, 4 panels/3 rows): a full-width ExWAS Manhattan banner (per-pair E-block joint F-test p_E_block = 22,240 replicated; UNSIGNED; categories ordered by impact; lead protein + n per category, white-halo labels; cap+underflow band), b full-width exposure→program→tissue tripartite flow (exemplar exposures→biological program clusters→organ systems; exposure→program edge colour=direction ↑/↓, program→tissue grey=curated routing), c category footprint bubble (breadth x median|b|, exemplar proteins), d recovers known biology (small). Plasma proteome broadly + reproducibly reshaped by exposures across many pathways/tissues; recovers known biology	scripts/visualizations/build_module2_fig3_composite.R	module2;module4_enrichment	module4_enrichment/program_tissue/{exposure_program,program_tissue}_edges.tsv	module2/<experiment>/<covarType>/univar_assoc_*.rds; module4_enrichment/program_tissue/{exposure_program,program_tissue}_edges.tsv (precomputed by analysis_summaries/module2_program_tissue_edges.R)	load_module2_results + load_module2_replicated	main	no	external		Fig2	new
fig_module3_schematic	schematic	Fig3a: Genetic & Exposomic Mediation (GEM) schematic - driver->protein->disease triad with the NDE/NIE proportion-mediated decomposition	scripts/visualizations/figures/fig_module3_schematic_compact.tex	module3	none	none	none	main	no	external		Fig3a	new
fig_m4_panel_a	schematic	Fig6a: interventional-triad schematic (UKB HEAP exposure->protein vs HERITAGE/GLP1RA RCT proteomics, converging on MR protein->disease)	scripts/visualizations/figures/fig_m4_schematic_compact.tex	module2	none	none	none	main	no	external		Fig6a	new
fig_m4_panel_b	intervention_validation	Fig6b: interventional concordance heatmap (top exposures x HERITAGE/GLP1 STEP1/STEP2; weighted r, BH stars)	scripts/visualizations/figures/fig_m4_panel_b.R	module2	support/intervention_compare/intervention_correlations.tsv	support/intervention_compare/intervention_correlations.tsv	none	main	no	active		Fig6b	new
fig_m4_panel_d	intervention_validation	Fig6d: MR-causal druggable hits (Strenuous sports x GLP1 STEP1 -> T2D); colour=MR edge type, shape=UKB/deCODE replication, P->D proteins labelled	scripts/visualizations/figures/fig_m4_panel_d.R	module2;module5	support/intervention_compare/intervention_scatter_mr.tsv;support/intervention_compare/intervention_mr_edges.tsv;support/intervention_compare/intervention_correlations.tsv;support/druggability/drug_targets.tsv	support/intervention_compare/intervention_scatter_mr.tsv;intervention_mr_edges.tsv	none	main	no	active		Fig6d	new
fig_greml_vs_r2	heritability_concordance	Cross-method concordance: GREML variance component (G/E/GxE, V/Vp) vs HEAP unique predictive R2 per protein (single-panel 3-facet scatter, y=x ceiling); pathway-count panel b removed	scripts/visualizations/figures/fig_greml_vs_r2.R	module1;population_architecture	module1_greml_vs_r2.R	population_architecture/<covar>/grm_cutoff_<cut>/concordance_greml_vs_heap_{r2,stats}.tsv	none	supplement	no	active		extra	new
fig_pathway_themes	tissue_pathway_enrichment	Exposure-associated proteins enrich a BROAD pathway space, grouped into themes (Immune/Inflammation, Growth-factor/Hormone, ECM, Lipid/Metabolism, Protein-processing, Infection); category x pathway dotplot, theme-coloured bands	scripts/visualizations/figures/fig_pathway_themes.R	module2;module4_enrichment	module4_enrichment/pathway_enrichment_category.csv	module4_enrichment/pathway_enrichment_category.csv	(reads CSV)	supplement	yes	active		extra	new
fig_tissue_themes	tissue_pathway_enrichment	Exposure-associated proteins span a BROAD set of GTEx tissues grouped into organ systems (respiratory, hepatic/digestive, adipose, renal, vascular, immune/blood, endocrine, reproductive, neural, skin); category x tissue dotplot, organ-coloured bands	scripts/visualizations/figures/fig_tissue_themes.R	module2;module4_enrichment	module4_enrichment/tissue_enrichment_category.csv	module4_enrichment/tissue_enrichment_category.csv	(reads CSV)	supplement	yes	active		extra	new
fig_module1_fig1_horizontal	composite	Fig1 (horizontal 3-panel, exposure-first): a exposome Sankey (13 categories -> PXS, flow width = # features; Lifestyle 10 / Physical 2 / Socioeconomic 1) over the HEAP variance partition (covariates + genetic PGS + exposomic PXS + GxE GIS) => exposure-responsive proteins; b exposure-responsive proteins across the genetic spectrum (HEAP Prediction R2 vs GREML Variance Components, stacked); c per-exposure protein signatures (13 category columns, top exposures proteins labelled, empty env/socio tail annotated)	scripts/visualizations/build_module1_fig1_horizontal.R	module1;population_architecture	none	panel cells: a=fig1_panelA_S1.png (fig1_exp_S1.tex Sankey + fig1_partition_block.tex, stacked by build_panelA_S1.R); b=cmp_greml_heap_spectrum_vert_cell.{png,pdf} (HEAP_CELL=1 HEAP_VERT=1); c=fig_expo_signatures_cell.{png,pdf} (HEAP_CELL=1)	none	main	no	external		Fig1	new
fig_category_biology	tissue_pathway_enrichment	FigS10: per-category GSEA biology of exposure-responsive proteins - for each exposure category, top GO/Reactome terms (names on axis) coloured by biological theme with the shared cell-surface-signalling background in grey; reveals category-specific biology (sleep->glucose/sterol+cortisol, smoking->leukocyte chemotaxis, exercise->vascular/ECM/integrin) hidden by the diet/exercise-confounded AGGREGATE exposomic GSEA (fig_component_pathways)	scripts/visualizations/figures/fig_category_biology.R	module1	run_module1_category_gsea.R -> docs/manuscript_stats/module1_enrichment_bycategory/gsea_all_significant_bycategory.tsv	docs/manuscript_stats/module1_enrichment_bycategory/gsea_all_significant_bycategory.tsv	none	supplement	yes	active		FigS10	new
fig_instrument_diagnostics	gwas	CONSOLIDATED MR-instrument diagnostics: a SNP h2 vs independent lead loci (rho=0.91), b loci vs genomic inflation (rho=0.92), c LDSC decomposition of inflation into polygenicity vs confounding (median intercept 1.017, confounding ratio 7%)	scripts/visualizations/figures/fig_instrument_diagnostics.R	gwas	ldsc	output/gwas/gwas_locus_summary.tsv + output/gwas/ldsc/ldsc_h2_summary.tsv	load_gwas_locus_summary + load_ldsc_h2	supplement	yes	active		FigS26	new
fig_gwas_exemplars	gwas	CONSOLIDATED exposure-GWAS exemplars bracketing the instrument range: a,b alcohol-intake frequency (diffuse/polygenic, lambda=1.438, 66 lead loci); c,d wheat avoidance (sharp HLA chr6 spike on a near-null background, lambda=1.045, 15 loci)	scripts/visualizations/figures/fig_gwas_exemplars.R	gwas	none	gwas/regenie_step2/<exposure>/<exposure>.regenie (alcohol_intake_frequency_f1558_0_0 + never_eat_..._Wheat_products)	load_exposure_gwas	supplement	yes	active		FigS27	new
fig_mr_rigor	mr	MR rigor: a two-arm replication (cis P->D, UKB Olink vs deCODE SomaScan; r=0.95, 92% sign-concordant), b Tier-1 sensitivity pass rates (Steiger 100%, no directional pleiotropy 94%, weighted median 100%), c MR vs observational exposure->protein effects (1,671 pairs, 99% same direction, Spearman 0.61)	scripts/visualizations/figures/fig_mr_rigor.R	mr;module2	none	mr_edges/summary/{MRmotifs.tsv, DECODE/MRmotifs.tsv, mr_sensitivity_long.tsv} + module2 test statE	load_module2_results	supplement	yes	active		FigS32	new
fig_mediation_scale_main	disease_mediation	Fig3b: scale of mediation - curated representative exposures x diseases (organ-system faceted); cell = # proteins with an FDR-significant mediated effect (NIE, n>=100). Full all-disease heatmap = supplement (fig_mediation_scale).	scripts/visualizations/figures/fig_mediation_scale_main.R	module3	module3/cat_disease_full.tsv (scripts/support/module3_category_disease_full.R, NMIN=100)	module3/<exp>/<covarType>/<family>/partitioned_categories/MDres_*.txt	reads cat_disease_full.tsv (module3_category_disease_full.R)	main	yes	active		Fig3b	new
fig_mediation_pleiotropy	mediation_gem	Fig3c: the mediation spectrum - each mediator protein placed by disease pleiotropy (# diseases mediated, x) vs its strongest mediated effect (|NIE| %/SD, y); disease-specific -> pleiotropic shared reporters; size = # driving exposures. No MR.	scripts/visualizations/figures/fig_mediation_pleiotropy.R	module3	module3/disease_mediators.tsv (scripts/support/module3_disease_specificity.R)	module3/<exp>/<covarType>/<family>/partitioned_categories/MDres_*.txt	reads disease_mediators.tsv (module3_disease_specificity.R)	main	no	active		Fig3c	new
fig_mediation_forest	mediation_gem	Fig3d: representative protein intermediaries across four exposure->disease axes (smoking->lung, alcohol->liver, physical activity->cardiometab., diet->cardiometab.) as a forest plot: mediated effect NIE HR/SD with 95% CI.	scripts/visualizations/figures/fig_mediation_forest.R	module3	module3/intermediaries_forest.tsv (scripts/support/module3_intermediaries_forest.R)	module3/<exp>/<covarType>/<family>/partitioned_categories/MDres_*.txt	reads intermediaries_forest.tsv (module3_intermediaries_forest.R)	main	no	active		Fig3d	new
fig_module2_spec_sensitivity	composite	FigS14: Module-2 covariate-specification sensitivity of exposure→protein associations across 7 specs (base, +BMI, +clinical, +draw, +SES, +prevalent, exclude-prevalent): a β concordance (Spearman, base-replicated pairs) with base; b # replicated associations per spec; c base-vs-+clinical β scatter showing BMI/clinical-mediated attenuation (LEP/FABP4)	scripts/visualizations/figures/fig_module2_spec_sensitivity.R	module2	module2/spec_sensitivity/{spec_summary,attenuation}.tsv	module2/{M2_base_main,M2_base_bmi,M2_base_clinical_main,M2_base_draw,M2_base_ses,M2_base_prevalent,M2_base_exclprev}/<cov>/univar_assoc_*.rds (precomputed by analysis_summaries/module2_spec_sensitivity.R)	load_module2_replicated	supplement	no	active		FigS14	new
fig_module3_spec_sensitivity	composite	FigS15: Module-3 mediation (NIE) robustness across 7 sensitivity specs (base, +BMI, +clinical, +prevalent disease, exclude-prevalent, +blood draw, ridge & elastic-net scores): a NIE concordance (Spearman, base-significant exposomic pairs) with base; b # FDR-significant exposomic mediations per spec; c base-vs-+clinical NIE scatter (BMI/clinical-mediated attenuation, LEP/FABP4); d per-exposure-category |NIE| attenuation under +clinical (cardiometabolic axes attenuate most)	scripts/visualizations/figures/fig_module3_spec_sensitivity.R	module3	module3/spec_sensitivity/{spec_summary,attenuation,category_attenuation}.tsv	module3/{M3_base_lasso_primary,M3_base_bmi_lasso_primary,M3_base_clinical_lasso_primary,M3_base_prevalent_lasso_primary,M3_base_exclprev_lasso_primary,M3_base_draw_lasso_primary,M3_base_ridge_primary,M3_base_enet_primary}/<cov>/<fam>/primary_total/MDres_*.txt + partitioned base/clinical (precomputed by analysis_summaries/module3_spec_sensitivity.R)	load_module3_results	supplement	no	active		FigS15	new
fig_module2_gxe_spec_sensitivity	composite	FigS16: Module-2 polygenic-GxE covariate-specification sensitivity across 7 specs (base, +BMI, +clinical, +draw, +SES, +prevalent, exclude-prevalent). GxE F-tests are directionless (no per-pair beta) so robustness is p-value/replication based: a # replicated GxE per spec split cis/trans/joint-only; b retention of base-replicated GxE per spec + Spearman of -log10 p_GxE_joint vs base; c base-vs-+clinical -log10 p_GxE_joint scatter (FOLR3/CCL3 hubs). GxE rare + cis-dominated + robust across specs	scripts/visualizations/figures/fig_module2_gxe_spec_sensitivity.R	module2	module2/spec_sensitivity/{gxe_spec_summary,gxe_attenuation}.tsv	module2/{M2_base_main,M2_base_bmi,M2_base_clinical_main,M2_base_draw,M2_base_ses,M2_base_prevalent,M2_base_exclprev}/<cov>/univar_assoc_*.rds (precomputed by analysis_summaries/module2_gxe_spec_sensitivity.R)	load_module2_results	supplement	no	active		FigS16	new
fig_pes_imaging_tracking	pes_change	PES tracks change between the two imaging visits (2->3, ~2y): imaging-to-imaging vs baseline-anchored Delta-correlation	scripts/visualizations/figures/fig_pes_imaging_tracking.R	module6	none	module6_pes_longitudinal/base/PESlong_base_HoldoutScores.tsv	none	supplement	yes	active		extra	new
fig_m4_shared_network	intervention_validation	Fig5 HERO: tripartite \"shared language\" network — observational lifestyle exposures + HERITAGE/GLP1-RA trials -> shared plasma proteins (sized by breadth, red=colocalized) -> cardiometabolic disease (MR); left->middle edges coloured by direction of disease risk; middle->right = genetic hand-off	scripts/visualizations/figures/fig_m4_shared_network.R	module2;module5	support/intervention_compare/shared_language_network_nodes.tsv;support/intervention_compare/shared_language_network_edges.tsv	support/intervention_compare/intervention_scatter_mr.tsv	none	exploratory	no	active		Fig5d	new
fig_variance_architecture	r2_variance_decomposition	CONSOLIDATED Module-1 variance partition (3 panels): a per-protein unique R2 by component (violin+box, log10, nonzero, zero-fraction stated), b component reach (% of proteins above an R2 threshold), c whole-model R2 density	scripts/visualizations/figures/fig_variance_architecture.R	module1	none	module1_predictive_r2_score_partition/<exp>/<covarType>/<method>/predictive_r2_coarse_* + predictive_r2_genetic_subblocks_*	load_module1_predictive_r2	supplement	yes	active		FigS2	new
fig_pathways_by_component	enrichment	CONSOLIDATED per-component GSEA: gene-set enrichment of the Module-1 variance partition under BOTH rankings (HEAP unique R2 and GREML V/Vp), faceted component x ranking; GxE row is empty under both	scripts/visualizations/figures/fig_pathways_by_component.R	module1	none	docs/manuscript_stats/module1_enrichment/gsea_all_significant.tsv + docs/manuscript_stats/module1_enrichment_greml/gsea_all_significant.tsv	none	supplement	yes	active		FigS3	new
fig_gxe_noise_floor	r2_variance_decomposition	CONSOLIDATED GxE evidence: a train-vs-test unique R2 by component (GxE degrades to r=0.76 with a systematic positive gap; Genetic holds at 0.99), b GxE stable across age/sex-interaction models (rho 0.92-0.98) = a CONSISTENTLY ESTIMATED noise floor	scripts/visualizations/figures/fig_gxe_noise_floor.R	module1	none	module1_predictive_r2_score_partition/M1_base_lasso{,_GxC,_ExC,_GxC_ExC}/base/lasso/predictive_r2_coarse_* (needs r2_train)	load_module1_predictive_r2	supplement	yes	active		FigS7	new
fig_module1_robustness	r2_variance_decomposition	CONSOLIDATED Module-1 robustness: a concordance forest of EVERY perturbation (held-out split, lasso-vs-elastic-net, 5 covariate specs) on one axis; b BMI/clinical attenuation (720->349 exposure-responsive proteins; LEP/FABP4/IL1RN fall off the diagonal); c per-category generalization TRACKS REACH (Spearman 0.88)	scripts/visualizations/figures/fig_module1_robustness.R	module1	none	module1_predictive_r2_score_partition/{M1_base_lasso,M1_base_draw_lasso,M1_base_prevalent_lasso,M1_base_exclprev_lasso,M1_base_bmi_lasso,M1_base_clinical_lasso,M1_base_enet}/<covarType>/<method>/predictive_r2_{coarse,exposure_categories}_* (needs r2_train)	load_module1_predictive_r2	supplement	yes	active		FigS7	new
